,ts_code,trade_date,open,high,low,close,pre_close,change,pct_chg,vol,amount
0,399300.SZ,2016-01-04,3725.856,3726.245,3468.949,3469.066,3731.005,-261.939,-0.070206,115370674.0,145968206.095
1,399300.SZ,2016-01-05,3382.177,3518.217,3377.28,3478.78,3469.066,9.714,0.0028000000000000004,162116984.0,196017085.879
2,399300.SZ,2016-01-06,3482.406,3543.739,3468.467,3539.808,3478.78,61.028,0.017543,145966144.0,160947198.402
3,399300.SZ,2016-01-07,3481.15,3481.15,3284.737,3294.3839,3539.808,-245.4241,-0.069333,44102641.0,47130795.628
4,399300.SZ,2016-01-08,3371.871,3418.851,3237.931,3361.563,3294.384,67.179,0.020392,185959451.0,203498868.289
5,399300.SZ,2016-01-11,3303.125,3342.481,3192.45,3192.45,3361.563,-169.113,-0.050308,174638387.0,184464050.18
6,399300.SZ,2016-01-12,3214.823,3242.253,3174.55,3215.71,3192.45,23.26,0.007286,128225796.0,142048909.71
7,399300.SZ,2016-01-13,3240.484,3257.295,3155.879,3155.879,3215.71,-59.831,-0.018606,120666494.0,130886082.444
8,399300.SZ,2016-01-14,3076.645,3226.658,3072.039,3221.571,3155.879,65.692,0.020815999999999998,134537671.0,144771580.596
9,399300.SZ,2016-01-15,3200.888,3216.798,3101.052,3118.73,3221.571,-102.841,-0.031923,124601779.0,131882737.252
10,399300.SZ,2016-01-18,3068.235,3165.616,3066.727,3130.729,3118.73,11.999,0.0038469999999999997,101128386.0,109458287.764
11,399300.SZ,2016-01-19,3132.705,3227.908,3119.216,3223.125,3130.729,92.396,0.029512999999999998,127653893.0,142907686.296
12,399300.SZ,2016-01-20,3204.218,3225.95,3154.426,3174.378,3223.125,-48.747,-0.015124,130650504.0,143313337.192
13,399300.SZ,2016-01-21,3136.384,3202.538,3081.345,3081.345,3174.378,-93.033,-0.029307,111189733.0,121856195.433
14,399300.SZ,2016-01-22,3114.895,3132.171,3053.958,3113.463,3081.345,32.118,0.010423,89951087.0,96885673.842
15,399300.SZ,2016-01-25,3129.028,3149.332,3105.1,3128.886,3113.463,15.423,0.004954,81540061.0,85777891.364
16,399300.SZ,2016-01-26,3099.596,3106.53,2934.647,2940.509,3128.886,-188.377,-0.060206,126933921.0,127250652.518
17,399300.SZ,2016-01-27,2953.183,2963.544,2839.29,2930.352,2940.509,-10.157,-0.003454,132229366.0,126997670.778
18,399300.SZ,2016-01-28,2909.334,2941.887,2841.844,2853.756,2930.352,-76.596,-0.026139000000000003,99222756.0,95663874.927
19,399300.SZ,2016-01-29,2855.598,2965.309,2854.371,2946.09,2853.756,92.334,0.032355,113304259.0,109462356.68
20,399300.SZ,2016-02-01,2939.04,2944.517,2869.561,2901.048,2946.09,-45.042,-0.015288999999999999,86795342.0,82931453.498
21,399300.SZ,2016-02-02,2901.528,2972.426,2901.512,2961.334,2901.048,60.286,0.020781,88601963.0,88740230.428
22,399300.SZ,2016-02-03,2931.288,2954.71,2909.898,2948.639,2961.334,-12.695,-0.004287,77389000.0,74817092.259
23,399300.SZ,2016-02-04,2960.334,2999.206,2960.207,2984.76,2948.639,36.121,0.01225,91779724.0,91550346.872
24,399300.SZ,2016-02-05,2982.056,2988.36,2962.847,2963.789,2984.76,-20.971,-0.007026,76850808.0,77443222.334
25,399300.SZ,2016-02-15,2888.428,2961.493,2886.018,2946.707,2963.789,-17.082,-0.005764,72919434.0,71285049.141
26,399300.SZ,2016-02-16,2962.187,3042.089,2962.187,3037.035,2946.707,90.328,0.030654,112579643.0,112300492.317
27,399300.SZ,2016-02-17,3034.09,3065.785,3027.046,3063.32,3037.035,26.285,0.008655000000000001,128291607.0,122279340.234
28,399300.SZ,2016-02-18,3079.527,3093.513,3049.841,3053.699,3063.32,-9.621,-0.0031409999999999997,124401464.0,122618612.161
29,399300.SZ,2016-02-19,3047.942,3065.968,3032.634,3051.585,3053.699,-2.114,-0.000692,87338012.0,90849341.804
30,399300.SZ,2016-02-22,3083.933,3128.207,3071.329,3118.868,3051.585,67.283,0.022049,140946968.0,141684080.627
31,399300.SZ,2016-02-23,3117.203,3119.221,3061.429,3089.363,3118.868,-29.505,-0.00946,112567391.0,117476469.063
32,399300.SZ,2016-02-24,3077.606,3109.545,3055.251,3109.545,3089.363,20.182,0.006533,111782650.0,112918607.549
33,399300.SZ,2016-02-25,3104.41,3104.436,2905.457,2918.75,3109.545,-190.795,-0.061357999999999996,157829752.0,153493008.194
34,399300.SZ,2016-02-26,2942.095,2964.385,2902.948,2948.031,2918.75,29.281,0.010032000000000001,106949729.0,102531571.946
35,399300.SZ,2016-02-29,2939.58,2939.875,2821.215,2877.467,2948.031,-70.564,-0.023936000000000002,129341020.0,118440829.598
36,399300.SZ,2016-03-01,2881.335,2950.436,2863.323,2930.694,2877.467,53.227,0.018498,116045918.0,110491037.808
37,399300.SZ,2016-03-02,2933.921,3054.724,2933.116,3051.333,2930.694,120.639,0.041164,175972347.0,164025161.471
38,399300.SZ,2016-03-03,3050.389,3078.444,3040.246,3058.422,3051.333,7.089,0.002323,173105744.0,165509087.742
39,399300.SZ,2016-03-04,3047.537,3101.656,3032.424,3093.89,3058.422,35.468,0.011597,219172534.0,205520475.543
40,399300.SZ,2016-03-07,3108.999,3130.903,3083.584,3104.84,3093.89,10.95,0.003539,132462037.0,127790344.488
41,399300.SZ,2016-03-08,3100.149,3109.25,3001.829,3107.673,3104.84,2.833,0.000912,136235742.0,128758488.144
42,399300.SZ,2016-03-09,3045.924,3072.916,3020.134,3071.907,3107.673,-35.766,-0.011509,111466245.0,106298652.785
43,399300.SZ,2016-03-10,3056.21,3074.16,3012.691,3013.146,3071.907,-58.761,-0.019129,76072197.0,78180468.559
44,399300.SZ,2016-03-11,2990.214,3026.437,2982.172,3018.284,3013.146,5.138,0.0017050000000000001,73333564.0,74367296.548
45,399300.SZ,2016-03-14,3039.569,3106.8,3034.0,3065.69,3018.284,47.406,0.015706,117108655.0,123539094.703
46,399300.SZ,2016-03-15,3061.343,3077.085,3028.578,3074.78,3065.69,9.09,0.0029649999999999998,98311941.0,101302845.698
47,399300.SZ,2016-03-16,3068.866,3100.352,3064.521,3090.033,3074.78,15.253,0.004961,124736448.0,126128854.001
48,399300.SZ,2016-03-17,3096.808,3147.841,3077.572,3124.204,3090.033,34.171,0.011057999999999998,121661777.0,136603715.775
49,399300.SZ,2016-03-18,3136.223,3197.668,3130.102,3171.963,3124.204,47.759,0.015287,197302564.0,210017810.346
50,399300.SZ,2016-03-21,3203.293,3267.775,3198.361,3249.437,3171.963,77.474,0.024425,233269464.0,256836636.273
51,399300.SZ,2016-03-22,3231.615,3249.677,3218.728,3225.79,3249.437,-23.647,-0.0072770000000000005,161020897.0,194211982.989
52,399300.SZ,2016-03-23,3217.729,3242.247,3202.976,3236.092,3225.79,10.302,0.0031940000000000002,125679286.0,155567074.583
53,399300.SZ,2016-03-24,3211.496,3221.906,3181.813,3181.851,3236.092,-54.241,-0.016760999999999998,133131122.0,162436036.415
54,399300.SZ,2016-03-25,3176.81,3204.442,3174.318,3197.817,3181.851,15.966,0.005018,97395330.0,115195604.431
55,399300.SZ,2016-03-28,3206.953,3229.624,3161.878,3169.728,3197.817,-28.089,-0.008784,103441933.0,123844044.128
56,399300.SZ,2016-03-29,3171.314,3178.075,3122.761,3135.41,3169.728,-34.318,-0.010827,97294747.0,113844280.553
57,399300.SZ,2016-03-30,3161.289,3216.676,3161.289,3216.275,3135.41,80.865,0.025790999999999998,117802512.0,140721774.451
58,399300.SZ,2016-03-31,3229.2,3241.927,3208.665,3218.088,3216.275,1.813,0.0005639999999999999,121552074.0,147267617.416
59,399300.SZ,2016-04-01,3213.674,3222.612,3165.856,3221.895,3218.088,3.807,0.001183,118122139.0,127050098.456
60,399300.SZ,2016-04-05,3211.305,3271.93,3205.207,3264.486,3221.895,42.591,0.013219000000000002,146047772.0,159296543.667
61,399300.SZ,2016-04-06,3250.522,3267.64,3236.196,3257.528,3264.486,-6.958,-0.002131,120196305.0,137206268.587
62,399300.SZ,2016-04-07,3266.288,3270.82,3208.644,3209.29,3257.528,-48.238,-0.014807999999999998,112409467.0,128273067.72
63,399300.SZ,2016-04-08,3189.846,3197.774,3163.305,3185.726,3209.29,-23.564,-0.007342,101005625.0,113920716.519
64,399300.SZ,2016-04-11,3213.507,3251.572,3213.507,3230.096,3185.726,44.37,0.013928000000000001,125212709.0,142759491.34
65,399300.SZ,2016-04-12,3227.367,3232.264,3198.903,3218.45,3230.096,-11.646,-0.0036049999999999997,92869437.0,99086557.951
66,399300.SZ,2016-04-13,3237.858,3296.523,3237.858,3261.383,3218.45,42.933,0.013340000000000001,195613866.0,200159601.29
67,399300.SZ,2016-04-14,3277.098,3286.072,3252.05,3275.832,3261.383,14.449,0.00443,113157327.0,117989443.45
68,399300.SZ,2016-04-15,3279.857,3282.985,3261.73,3272.205,3275.832,-3.627,-0.0011070000000000001,99807529.0,107963982.334
69,399300.SZ,2016-04-18,3252.671,3252.671,3221.662,3228.453,3272.205,-43.752,-0.013371,97090069.0,103956150.095
70,399300.SZ,2016-04-19,3243.971,3250.725,3221.577,3238.303,3228.453,9.85,0.003051,80871440.0,90976236.261
71,399300.SZ,2016-04-20,3244.142,3248.422,3107.369,3181.026,3238.303,-57.277,-0.017686999999999998,162207858.0,172324694.469
72,399300.SZ,2016-04-21,3160.796,3198.557,3150.94,3160.603,3181.026,-20.423,-0.00642,104752651.0,110324379.038
73,399300.SZ,2016-04-22,3142.561,3175.38,3137.993,3174.901,3160.603,14.298,0.004524,77078492.0,82442921.903
74,399300.SZ,2016-04-25,3164.738,3172.269,3137.113,3162.033,3174.901,-12.868,-0.004053,67519351.0,74734848.036
75,399300.SZ,2016-04-26,3159.771,3181.095,3150.404,3179.161,3162.033,17.128,0.005417,59020734.0,68871554.173
76,399300.SZ,2016-04-27,3181.931,3188.826,3162.691,3165.916,3179.161,-13.245,-0.004166,60004147.0,70620405.995
77,399300.SZ,2016-04-28,3169.333,3174.766,3135.643,3160.581,3165.916,-5.335,-0.001685,69870660.0,78876767.222
78,399300.SZ,2016-04-29,3153.537,3171.289,3149.397,3156.745,3160.581,-3.836,-0.001214,58029776.0,70807704.222
79,399300.SZ,2016-05-03,3159.823,3218.485,3151.405,3213.54,3156.745,56.795,0.017991999999999998,98164835.0,115733867.591
80,399300.SZ,2016-05-04,3203.465,3222.882,3198.292,3209.461,3213.54,-4.079,-0.0012690000000000002,90862408.0,97797134.813
81,399300.SZ,2016-05-05,3204.169,3217.282,3196.566,3213.92,3209.461,4.459,0.001389,74733681.0,83946496.908
82,399300.SZ,2016-05-06,3213.136,3216.893,3130.147,3130.354,3213.92,-83.566,-0.026001,108680240.0,119265216.104
83,399300.SZ,2016-05-09,3115.43,3115.43,3055.005,3065.615,3130.354,-64.739,-0.020680999999999998,99230477.0,100409213.4876
84,399300.SZ,2016-05-10,3055.211,3084.724,3055.183,3069.112,3065.615,3.497,0.0011409999999999999,68849935.0,70650764.1472
85,399300.SZ,2016-05-11,3080.636,3102.876,3063.088,3082.808,3069.112,13.696,0.004463,81794258.0,87323408.3417
86,399300.SZ,2016-05-12,3059.383,3095.348,3035.022,3090.137,3082.808,7.329,0.0023769999999999998,78765726.0,81418792.6062
87,399300.SZ,2016-05-13,3081.679,3103.095,3064.691,3074.935,3090.137,-15.202,-0.00492,62629755.0,65850995.6487
88,399300.SZ,2016-05-16,3064.526,3095.555,3053.661,3095.308,3074.935,20.373,0.006626,59461856.0,64405200.0201
89,399300.SZ,2016-05-17,3095.522,3105.201,3073.459,3086.024,3095.308,-9.284,-0.002999,65278125.0,75389385.458
90,399300.SZ,2016-05-18,3071.529,3072.612,3039.461,3068.035,3086.024,-17.989,-0.005829,82715369.0,88458847.1148
91,399300.SZ,2016-05-19,3060.342,3086.977,3058.145,3062.5,3068.035,-5.535,-0.001804,60444166.0,68679060.3921
92,399300.SZ,2016-05-20,3047.777,3078.531,3041.516,3078.218,3062.5,15.718,0.005132,56080842.0,65124251.0921
93,399300.SZ,2016-05-23,3078.515,3098.478,3076.503,3087.222,3078.218,9.004,0.0029249999999999996,59697216.0,70337514.4835
94,399300.SZ,2016-05-24,3083.2441,3083.2571,3052.5905,3063.5556,3087.2225,-23.6669,-0.007665999999999999,58734385.0,61106015.4464
95,399300.SZ,2016-05-25,3079.7486,3089.1022,3054.8697,3059.2259,3063.5556,-4.3297,-0.0014130000000000002,56652803.0,63316562.53
96,399300.SZ,2016-05-26,3056.6,3072.524,3027.444,3064.211,3059.225,4.986,0.0016300000000000002,60392981.0,65985183.9189
97,399300.SZ,2016-05-27,3059.732,3073.756,3052.179,3062.499,3064.211,-1.712,-0.000559,60468750.0,59371777.0794
98,399300.SZ,2016-05-30,3056.313,3075.261,3037.664,3066.709,3062.499,4.21,0.0013750000000000001,63098579.0,63496565.009
99,399300.SZ,2016-05-31,3068.596,3170.926,3068.596,3169.559,3066.709,102.85,0.033538,138863111.0,151398175.9566
100,399300.SZ,2016-06-01,3172.961,3181.792,3159.817,3160.547,3169.559,-9.012,-0.002843,113148482.0,131700821.1521
101,399300.SZ,2016-06-02,3158.025,3168.824,3151.065,3167.099,3160.547,6.552,0.002073,86003427.0,97093625.3449
102,399300.SZ,2016-06-03,3172.946,3201.749,3162.088,3189.325,3167.099,22.226,0.007018,101491783.0,136332027.0872
103,399300.SZ,2016-06-06,3192.779,3197.22,3168.554,3178.788,3189.325,-10.537,-0.003304,76693751.0,101176231.3664
104,399300.SZ,2016-06-07,3182.437,3186.616,3168.179,3177.053,3178.788,-1.735,-0.000546,68928314.0,88711618.4254
105,399300.SZ,2016-06-08,3171.813,3174.971,3148.351,3163.986,3177.053,-13.067,-0.004113,76291775.0,97682790.8611
106,399300.SZ,2016-06-13,3134.045,3145.605,3065.767,3066.341,3163.986,-97.645,-0.030861,92975947.0,114091320.0037
107,399300.SZ,2016-06-14,3058.443,3078.749,3055.655,3075.983,3066.341,9.642,0.003144,66279457.0,78622305.3495
108,399300.SZ,2016-06-15,3043.957,3128.673,3042.232,3116.368,3075.983,40.385,0.013129,87393257.0,106170177.8724
109,399300.SZ,2016-06-16,3104.361,3112.475,3089.477,3094.674,3116.368,-21.694,-0.006961,82974703.0,93496238.8705
110,399300.SZ,2016-06-17,3096.09,3131.048,3096.09,3110.357,3094.674,15.683,0.0050680000000000005,85402985.0,97953389.32
111,399300.SZ,2016-06-20,3114.906,3118.725,3089.712,3112.674,3110.357,2.317,0.000745,63587141.0,74647802.4617
112,399300.SZ,2016-06-21,3124.898,3155.492,3097.94,3106.317,3112.674,-6.357,-0.002042,87965345.0,107233643.6316
113,399300.SZ,2016-06-22,3100.449,3134.06,3096.991,3133.961,3106.317,27.644,0.008899,66487113.0,81348715.8476
114,399300.SZ,2016-06-23,3129.72,3129.72,3102.481,3117.316,3133.961,-16.645,-0.005311,67751738.0,81732552.1588
115,399300.SZ,2016-06-24,3110.646,3130.539,3033.965,3077.155,3117.316,-40.161,-0.012883,104792208.0,118967441.7019
116,399300.SZ,2016-06-27,3065.128,3120.64,3064.966,3120.544,3077.155,43.389,0.0141,83267259.0,104066083.7905
117,399300.SZ,2016-06-28,3107.397,3139.43,3099.701,3136.401,3120.544,15.857,0.005081,92024637.0,117197791.5039
118,399300.SZ,2016-06-29,3142.484,3158.076,3139.132,3151.389,3136.401,14.988,0.004779,103723668.0,117958861.1889
119,399300.SZ,2016-06-30,3152.833,3163.72,3148.198,3153.921,3151.389,2.532,0.000803,79692617.0,100627912.9248
120,399300.SZ,2016-07-01,3156.932,3170.258,3148.294,3154.2,3153.921,0.279,8.800000000000001e-05,71746283.0,91215027.6883
121,399300.SZ,2016-07-04,3136.385,3210.601,3134.023,3204.696,3154.2,50.496,0.016009,133310529.0,149894780.0373
122,399300.SZ,2016-07-05,3199.157,3216.702,3197.995,3207.382,3204.696,2.686,0.000838,130226895.0,143899100.4277
123,399300.SZ,2016-07-06,3197.624,3217.515,3183.451,3216.803,3207.382,9.421,0.0029370000000000004,124897458.0,147232471.496
124,399300.SZ,2016-07-07,3206.55,3220.54,3190.123,3209.954,3216.803,-6.849,-0.0021290000000000002,118595202.0,140488833.675
125,399300.SZ,2016-07-08,3199.754,3204.928,3183.959,3192.28,3209.954,-17.674,-0.005506,89734855.0,111063465.4167
126,399300.SZ,2016-07-11,3199.038,3235.962,3197.625,3203.329,3192.28,11.049,0.003461,138529511.0,155288151.673
127,399300.SZ,2016-07-12,3201.906,3273.473,3200.303,3273.182,3203.329,69.853,0.021806000000000002,172534217.0,190853738.897
128,399300.SZ,2016-07-13,3274.02,3300.991,3271.775,3282.868,3273.182,9.686,0.002959,175196090.0,196592300.3224
129,399300.SZ,2016-07-14,3277.481,3281.95,3259.065,3276.763,3282.868,-6.105,-0.0018599999999999999,107525798.0,128090420.9166
130,399300.SZ,2016-07-15,3278.835,3285.026,3265.29,3276.277,3276.763,-0.486,-0.00014800000000000002,102665026.0,125179812.9291
131,399300.SZ,2016-07-18,3269.707,3281.637,3251.765,3262.022,3276.277,-14.255,-0.004351,110312518.0,129785706.1988
132,399300.SZ,2016-07-19,3260.434,3264.73,3226.198,3248.234,3262.022,-13.788,-0.004227,88886861.0,107108911.1718
133,399300.SZ,2016-07-20,3246.862,3254.507,3232.256,3237.605,3248.234,-10.629,-0.0032719999999999997,72701255.0,91367448.9938
134,399300.SZ,2016-07-21,3238.336,3271.373,3238.303,3252.522,3237.605,14.917,0.004607,86004825.0,107464072.5131
135,399300.SZ,2016-07-22,3251.242,3253.769,3220.893,3225.162,3252.522,-27.36,-0.008412,86029128.0,107416887.3201
136,399300.SZ,2016-07-25,3220.165,3243.79,3218.141,3230.885,3225.162,5.723,0.001774,70203185.0,92015844.0353
137,399300.SZ,2016-07-26,3228.234,3269.745,3228.007,3269.588,3230.885,38.703,0.011979,81051089.0,103745762.7578
138,399300.SZ,2016-07-27,3270.083,3276.511,3157.409,3218.243,3269.588,-51.345,-0.015704,160188665.0,186928366.4982
139,399300.SZ,2016-07-28,3204.464,3235.781,3195.269,3221.136,3218.243,2.893,0.000899,112779964.0,137295892.7533
140,399300.SZ,2016-07-29,3217.192,3225.418,3198.683,3203.93,3221.136,-17.206,-0.005342,88044837.0,103787029.7481
141,399300.SZ,2016-08-01,3196.425,3199.975,3156.748,3176.809,3203.93,-27.121,-0.008465,87003497.0,98818634.3609
142,399300.SZ,2016-08-02,3173.757,3189.052,3165.542,3189.052,3176.809,12.243,0.0038540000000000002,62167639.0,70640763.8419
143,399300.SZ,2016-08-03,3179.684,3197.157,3173.535,3193.507,3189.052,4.455,0.0013969999999999998,72864102.0,79754323.3013
144,399300.SZ,2016-08-04,3190.546,3201.553,3170.418,3201.288,3193.507,7.781,0.002437,73504373.0,86919591.121
145,399300.SZ,2016-08-05,3201.354,3224.873,3192.861,3205.11,3201.288,3.822,0.001194,77196366.0,94429542.3906
146,399300.SZ,2016-08-08,3199.572,3234.479,3187.252,3234.183,3205.11,29.073,0.009071000000000001,86676051.0,102638114.5974
147,399300.SZ,2016-08-09,3232.603,3257.333,3229.174,3256.981,3234.183,22.798,0.007049,91065259.0,105924052.4356
148,399300.SZ,2016-08-10,3255.182,3261.86,3242.75,3243.34,3256.981,-13.641,-0.004188,90430372.0,106157448.0282
149,399300.SZ,2016-08-11,3239.558,3274.026,3232.612,3233.36,3243.34,-9.98,-0.003077,101041213.0,116996159.0463
150,399300.SZ,2016-08-12,3231.806,3294.233,3231.136,3294.233,3233.36,60.873,0.018827,116254044.0,129354686.3871
151,399300.SZ,2016-08-15,3303.468,3417.914,3302.377,3393.423,3294.233,99.19,0.03011,220543421.0,258897463.9096
152,399300.SZ,2016-08-16,3403.383,3418.688,3372.02,3378.245,3393.423,-15.178,-0.0044729999999999995,196389740.0,226785231.0847
153,399300.SZ,2016-08-17,3377.771,3394.388,3356.924,3373.047,3378.245,-5.198,-0.001539,138847688.0,167917530.8558
154,399300.SZ,2016-08-18,3369.947,3394.791,3349.687,3364.485,3373.047,-8.562,-0.0025380000000000003,142380169.0,172256533.0003
155,399300.SZ,2016-08-19,3358.555,3374.045,3341.192,3365.019,3364.485,0.534,0.00015900000000000002,119961508.0,135382706.2928
156,399300.SZ,2016-08-22,3364.681,3372.833,3335.469,3336.794,3365.019,-28.225,-0.008388,107951008.0,128201783.8121
157,399300.SZ,2016-08-23,3332.621,3359.647,3324.96,3341.829,3336.794,5.035,0.0015090000000000001,92924516.0,108503692.3773
158,399300.SZ,2016-08-24,3341.93,3348.129,3323.725,3329.863,3341.829,-11.966,-0.0035809999999999995,81191429.0,94012832.1998
159,399300.SZ,2016-08-25,3314.084,3315.081,3279.806,3308.972,3329.863,-20.891,-0.006273999999999999,100589153.0,112578140.0103
160,399300.SZ,2016-08-26,3312.499,3328.945,3301.735,3307.09,3308.972,-1.882,-0.000569,81530691.0,93213205.5596
161,399300.SZ,2016-08-29,3306.574,3315.078,3297.069,3307.781,3307.09,0.691,0.00020899999999999998,77036333.0,88011642.022
162,399300.SZ,2016-08-30,3310.318,3325.121,3304.596,3311.987,3307.781,4.206,0.0012720000000000001,75725987.0,89513016.6674
163,399300.SZ,2016-08-31,3310.565,3333.972,3304.655,3327.793,3311.987,15.806,0.004772,79570805.0,99215044.4452
164,399300.SZ,2016-09-01,3326.738,3329.345,3301.212,3301.576,3327.793,-26.217,-0.007878,84947219.0,100911462.8227
165,399300.SZ,2016-09-02,3298.721,3320.425,3295.755,3314.114,3301.576,12.538,0.003798,82791803.0,99396378.5835
166,399300.SZ,2016-09-05,3321.005,3338.419,3314.629,3319.68,3314.114,5.566,0.001679,78292477.0,87531089.6452
167,399300.SZ,2016-09-06,3322.018,3347.951,3300.125,3342.625,3319.68,22.945,0.006912000000000001,98283998.0,118366533.4264
168,399300.SZ,2016-09-07,3344.065,3357.356,3337.75,3340.817,3342.625,-1.808,-0.000541,102940106.0,115119908.6169
169,399300.SZ,2016-09-08,3338.008,3343.395,3328.226,3339.564,3340.817,-1.253,-0.000375,71916158.0,83742346.8497
170,399300.SZ,2016-09-09,3339.373,3344.951,3318.044,3318.044,3339.564,-21.52,-0.006444,82657036.0,95471188.732
171,399300.SZ,2016-09-12,3271.87,3276.716,3234.573,3262.604,3318.044,-55.44,-0.016709,122917682.0,134456630.9269
172,399300.SZ,2016-09-13,3265.337,3269.222,3246.385,3260.333,3262.604,-2.271,-0.000696,67180288.0,76862644.2312
173,399300.SZ,2016-09-14,3245.737,3254.995,3231.335,3238.729,3260.333,-21.604,-0.006626,70432697.0,79780746.4362
174,399300.SZ,2016-09-19,3242.742,3264.899,3242.742,3263.124,3238.729,24.395,0.007532,58831082.0,67678031.6418
175,399300.SZ,2016-09-20,3264.664,3265.035,3252.388,3257.403,3263.124,-5.721,-0.0017530000000000002,52784206.0,61626150.8176
176,399300.SZ,2016-09-21,3257.709,3270.902,3254.321,3266.636,3257.403,9.233,0.0028339999999999997,59142979.0,68957744.0436
177,399300.SZ,2016-09-22,3281.471,3303.199,3277.979,3291.121,3266.636,24.485,0.007495000000000001,75753542.0,89991761.6548
178,399300.SZ,2016-09-23,3292.278,3293.916,3275.025,3275.666,3291.121,-15.455,-0.0046960000000000005,57993986.0,68046257.25
179,399300.SZ,2016-09-26,3267.69,3267.69,3220.283,3220.283,3275.666,-55.383,-0.016907000000000002,70452186.0,78700835.1319
180,399300.SZ,2016-09-27,3214.87,3240.775,3214.441,3240.754,3220.283,20.471,0.006357000000000001,58460550.0,66651130.3613
181,399300.SZ,2016-09-28,3243.647,3243.647,3227.996,3230.89,3240.754,-9.864,-0.003044,44727498.0,51996404.7521
182,399300.SZ,2016-09-29,3234.857,3257.766,3234.803,3244.387,3230.89,13.497,0.004177,55452556.0,62220302.3122
183,399300.SZ,2016-09-30,3240.177,3260.94,3239.036,3253.284,3244.387,8.897,0.002742,44978022.0,52655734.5529
184,399300.SZ,2016-10-10,3265.364,3294.64,3258.958,3293.868,3253.284,40.584,0.012475,80519260.0,89607989.8962
185,399300.SZ,2016-10-11,3296.867,3308.004,3292.877,3306.557,3293.868,12.689,0.003852,87713163.0,88213421.1829
186,399300.SZ,2016-10-12,3299.138,3302.561,3289.753,3300.009,3306.557,-6.548,-0.00198,68669781.0,72386912.6159
187,399300.SZ,2016-10-13,3299.155,3307.409,3292.397,3302.645,3300.009,2.636,0.000799,81224198.0,79923748.5962
188,399300.SZ,2016-10-14,3298.734,3306.685,3285.729,3305.848,3302.645,3.203,0.00097,82316271.0,81485597.8063
189,399300.SZ,2016-10-17,3305.963,3309.009,3271.541,3277.878,3305.848,-27.97,-0.008461,86113509.0,88199418.9363
190,399300.SZ,2016-10-18,3272.681,3321.332,3272.681,3321.332,3277.878,43.454,0.013257000000000001,102860714.0,104625044.1417
191,399300.SZ,2016-10-19,3323.303,3332.52,3309.831,3316.24,3321.332,-5.092,-0.0015329999999999999,101167725.0,96354442.1985
192,399300.SZ,2016-10-20,3317.179,3324.903,3312.174,3318.604,3316.24,2.364,0.000713,79238871.0,82481095.2767
193,399300.SZ,2016-10-21,3315.715,3341.56,3309.178,3327.74,3318.604,9.136,0.002753,109785176.0,107114926.1256
194,399300.SZ,2016-10-24,3332.512,3382.825,3330.967,3367.577,3327.74,39.837,0.011971,153014345.0,150063007.8989
195,399300.SZ,2016-10-25,3367.475,3373.913,3356.585,3367.454,3367.577,-0.123,-3.7000000000000005e-05,111191693.0,110576512.9159
196,399300.SZ,2016-10-26,3365.197,3367.831,3349.574,3354.8,3367.454,-12.654,-0.003758,98024786.0,104719318.2203
197,399300.SZ,2016-10-27,3351.46,3352.354,3335.133,3345.695,3354.8,-9.105,-0.002714,77629851.0,85241012.4139
198,399300.SZ,2016-10-28,3347.143,3370.748,3337.288,3340.126,3345.695,-5.569,-0.001665,93133309.0,104797971.448
199,399300.SZ,2016-10-31,3332.406,3340.47,3317.328,3336.278,3340.126,-3.848,-0.001152,71352863.0,80701820.9
200,399300.SZ,2016-11-01,3338.71,3359.394,3334.457,3359.052,3336.278,22.774,0.006826,74938199.0,84717683.7
201,399300.SZ,2016-11-02,3350.71,3356.397,3331.384,3333.352,3359.052,-25.7,-0.007651,91197104.0,100348995.7
202,399300.SZ,2016-11-03,3326.905,3379.989,3324.838,3365.085,3333.352,31.733,0.009519999999999999,126223504.0,137386468.3
203,399300.SZ,2016-11-04,3362.206,3377.639,3348.426,3354.175,3365.085,-10.91,-0.003242,104069655.0,110813764.5
204,399300.SZ,2016-11-07,3353.444,3362.742,3342.312,3356.592,3354.175,2.417,0.000721,99877988.0,94370876.7
205,399300.SZ,2016-11-08,3367.697,3383.917,3361.129,3371.118,3356.592,14.526,0.004328,103148282.0,105138256.0
206,399300.SZ,2016-11-09,3370.6,3373.096,3322.08,3353.055,3371.118,-18.063,-0.005358000000000001,139110059.0,145186921.6
207,399300.SZ,2016-11-10,3374.906,3403.016,3374.906,3390.612,3353.055,37.557,0.011201000000000001,134705535.0,133277399.5
208,399300.SZ,2016-11-11,3387.948,3422.672,3382.893,3417.221,3390.612,26.609,0.007848,198781496.0,190647270.0
209,399300.SZ,2016-11-14,3409.224,3452.616,3408.139,3430.248,3417.221,13.027,0.003812,213247105.0,208353308.6
210,399300.SZ,2016-11-15,3428.866,3434.922,3415.995,3429.87,3430.248,-0.378,-0.00010999999999999999,134566320.0,135206770.5
211,399300.SZ,2016-11-16,3432.434,3435.637,3419.244,3429.592,3429.87,-0.278,-8.099999999999999e-05,129808511.0,128944599.1
212,399300.SZ,2016-11-17,3423.465,3437.669,3412.877,3436.535,3429.592,6.943,0.0020239999999999998,121561731.0,121576882.9
213,399300.SZ,2016-11-18,3437.49,3443.119,3413.27,3417.455,3436.535,-19.08,-0.0055520000000000005,115951205.0,117345607.6
214,399300.SZ,2016-11-21,3412.652,3463.142,3412.08,3441.111,3417.455,23.656,0.006922,146434529.0,147542589.3
215,399300.SZ,2016-11-22,3443.22,3469.219,3443.22,3468.364,3441.111,27.253,0.00792,168523446.0,167250665.8
216,399300.SZ,2016-11-23,3473.895,3492.956,3465.764,3474.729,3468.364,6.365,0.001835,162388504.0,171247116.1
217,399300.SZ,2016-11-24,3468.807,3508.165,3467.011,3488.74,3474.729,14.011,0.004032,145746301.0,165071453.5
218,399300.SZ,2016-11-25,3490.04,3521.303,3463.948,3521.298,3488.74,32.558,0.009332,153621506.0,166832181.1
219,399300.SZ,2016-11-28,3538.675,3553.36,3528.32,3535.081,3521.298,13.783,0.003914,207375483.0,219859766.8
220,399300.SZ,2016-11-29,3525.901,3583.719,3521.379,3564.04,3535.081,28.959,0.008192,236918356.0,248322816.3
221,399300.SZ,2016-11-30,3557.636,3567.069,3527.023,3538.001,3564.04,-26.039,-0.007306,178560178.0,190681227.6
222,399300.SZ,2016-12-01,3543.956,3575.97,3543.245,3565.036,3538.001,27.035,0.007641,180170761.0,199637742.9
223,399300.SZ,2016-12-02,3559.771,3562.55,3516.788,3528.955,3565.036,-36.081,-0.010121,196355480.0,203742147.4
224,399300.SZ,2016-12-05,3473.688,3496.884,3457.343,3469.407,3528.955,-59.548,-0.016874,180852355.0,190175061.7
225,399300.SZ,2016-12-06,3466.242,3477.59,3456.807,3459.153,3469.407,-10.254,-0.002956,115529090.0,125727753.1
226,399300.SZ,2016-12-07,3458.369,3475.747,3445.756,3475.747,3459.153,16.594,0.004797,114345103.0,115282194.2
227,399300.SZ,2016-12-08,3481.807,3484.34,3466.512,3470.143,3475.747,-5.604,-0.0016120000000000002,117383922.0,119188508.6
228,399300.SZ,2016-12-09,3464.873,3507.928,3461.761,3493.7,3470.143,23.557,0.006788,150303308.0,152674867.7
229,399300.SZ,2016-12-12,3489.268,3495.802,3400.793,3409.179,3493.7,-84.521,-0.024192,187467751.0,199163540.8
230,399300.SZ,2016-12-13,3394.207,3416.215,3370.596,3405.036,3409.179,-4.143,-0.001215,121105097.0,124454188.7
231,399300.SZ,2016-12-14,3399.411,3412.28,3378.266,3378.945,3405.036,-26.091,-0.0076619999999999995,124007744.0,126182669.4
232,399300.SZ,2016-12-15,3363.86,3378.037,3327.143,3340.434,3378.945,-38.511,-0.011397,114960660.0,121507811.5
233,399300.SZ,2016-12-16,3335.363,3356.292,3330.493,3346.031,3340.434,5.597,0.001676,90775422.0,98112206.8
234,399300.SZ,2016-12-19,3342.3449,3344.8584,3324.9986,3328.9827,3346.0305,-17.0478,-0.005095,81640678.0,86095693.8
235,399300.SZ,2016-12-20,3328.2985,3329.1022,3289.2682,3309.0641,3328.9827,-19.9186,-0.0059830000000000005,87569592.0,88527345.8
236,399300.SZ,2016-12-21,3313.7451,3342.4761,3313.7451,3338.536,3309.0641,29.4719,0.008905999999999999,108254995.0,106205485.2
237,399300.SZ,2016-12-22,3335.1218,3340.3628,3322.7196,3335.672,3338.536,-2.864,-0.000858,92277249.0,92564877.5
238,399300.SZ,2016-12-23,3333.4009,3334.8937,3300.8843,3307.5991,3335.672,-28.0729,-0.008416,97444713.0,99575473.2
239,399300.SZ,2016-12-26,3293.2236,3322.4212,3267.0481,3322.4006,3307.5991,14.8015,0.004475,89793982.0,95493219.9
240,399300.SZ,2016-12-27,3319.2061,3330.2324,3315.8318,3316.3852,3322.4006,-6.0154,-0.0018110000000000001,75486359.0,79617133.0
241,399300.SZ,2016-12-28,3315.7526,3320.5467,3293.1737,3301.8887,3316.3852,-14.4965,-0.004371,69000437.0,71759839.5
242,399300.SZ,2016-12-29,3297.036,3312.113,3288.0959,3297.7648,3301.8887,-4.1239,-0.001249,70087923.0,75972960.4
243,399300.SZ,2016-12-30,3302.5993,3313.5497,3295.7513,3310.0808,3297.7648,12.316,0.003735,71744116.0,76921368.8
244,399300.SZ,2017-01-03,3313.9534,3345.2629,3313.9534,3342.2272,3310.0808,32.1464,0.009712,86567896.0,87612765.7
245,399300.SZ,2017-01-04,3340.5576,3369.5658,3338.1527,3368.3117,3342.2272,26.0845,0.0078049999999999994,90050827.0,98014355.4
246,399300.SZ,2017-01-05,3368.3402,3373.4119,3361.462,3367.7892,3368.3117,-0.5225,-0.000155,88336357.0,91189339.5
247,399300.SZ,2017-01-06,3366.8522,3368.8705,3346.8914,3347.6665,3367.7892,-20.1227,-0.005975,87459114.0,91072256.7
248,399300.SZ,2017-01-09,3345.7483,3366.2219,3344.3472,3363.9014,3347.6665,16.2349,0.00485,83707942.0,87916115.2
249,399300.SZ,2017-01-10,3361.6394,3370.5051,3354.0878,3358.2716,3363.9014,-5.6298,-0.001674,83819160.0,82533965.0
250,399300.SZ,2017-01-11,3355.8008,3366.6315,3334.2978,3334.4954,3358.2716,-23.7762,-0.0070799999999999995,91071438.0,86750457.1
251,399300.SZ,2017-01-12,3332.6857,3343.1279,3315.9629,3317.6241,3334.4954,-16.8713,-0.00506,81239135.0,75031886.8
252,399300.SZ,2017-01-13,3317.9625,3338.174,3309.3741,3319.9122,3317.6241,2.2881,0.0006900000000000001,84180589.0,84556101.4
253,399300.SZ,2017-01-16,3314.1507,3322.7819,3264.2071,3319.4455,3319.9122,-0.4667,-0.00014099999999999998,157779135.0,153262520.1
254,399300.SZ,2017-01-17,3305.6001,3327.3767,3292.2044,3326.3563,3319.4455,6.9108,0.002082,69453328.0,74754505.6
255,399300.SZ,2017-01-18,3323.3389,3350.9619,3320.4062,3339.3653,3326.3563,13.009,0.003911,70623227.0,75680677.2
256,399300.SZ,2017-01-19,3330.9522,3346.4959,3324.6835,3329.2891,3339.3653,-10.0762,-0.003017,66159808.0,63869709.1
257,399300.SZ,2017-01-20,3326.9773,3358.4121,3326.374,3354.8891,3329.2891,25.6,0.0076890000000000005,65300462.0,70831324.3
258,399300.SZ,2017-01-23,3359.0543,3378.7388,3355.8475,3364.0808,3354.8891,9.1917,0.0027400000000000002,75557498.0,76492660.1
259,399300.SZ,2017-01-24,3363.1374,3371.32,3355.899,3364.4509,3364.0808,0.3701,0.00010999999999999999,66194226.0,66049651.2
260,399300.SZ,2017-01-25,3361.6561,3376.4415,3357.2183,3375.9042,3364.4509,11.4533,0.003404,58376931.0,62483395.8
261,399300.SZ,2017-01-26,3378.2609,3395.8848,3378.2609,3387.9606,3375.9042,12.0564,0.0035709999999999995,65316647.0,66488818.3
262,399300.SZ,2017-02-03,3390.9315,3392.4773,3362.5653,3364.4923,3387.9606,-23.4683,-0.006927,55188861.0,57113853.2
263,399300.SZ,2017-02-06,3368.1081,3381.3348,3358.7516,3373.2051,3364.4923,8.7128,0.0025900000000000003,68521360.0,73408134.7
264,399300.SZ,2017-02-07,3371.7695,3376.7099,3354.6251,3365.6849,3373.2051,-7.5202,-0.002229,63754462.0,69758178.9
265,399300.SZ,2017-02-08,3361.7811,3383.6859,3347.4302,3383.2878,3365.6849,17.6029,0.00523,75402879.0,82869735.7
266,399300.SZ,2017-02-09,3381.8992,3406.5888,3379.7872,3396.2924,3383.2878,13.0046,0.003844,97558515.0,102134228.6
267,399300.SZ,2017-02-10,3398.3173,3422.3256,3398.0295,3413.4868,3396.2924,17.1944,0.005063,123768720.0,121908580.2
268,399300.SZ,2017-02-13,3416.9168,3439.5432,3416.8746,3436.275,3413.4868,22.7882,0.006676,120144538.0,125332998.8
269,399300.SZ,2017-02-14,3438.511,3440.6748,3424.4028,3435.8042,3436.275,-0.4708,-0.000137,94809465.0,98537165.4
270,399300.SZ,2017-02-15,3435.3882,3448.0322,3417.0811,3421.7131,3435.8042,-14.0911,-0.0041010000000000005,127643338.0,124653179.4
271,399300.SZ,2017-02-16,3421.8299,3440.9331,3418.3514,3440.9331,3421.7131,19.22,0.005617,108276962.0,101809767.5
272,399300.SZ,2017-02-17,3443.6166,3457.5562,3419.6143,3421.4419,3440.9331,-19.4912,-0.005665,114600036.0,118033129.6
273,399300.SZ,2017-02-20,3421.6434,3472.6035,3421.6434,3471.3926,3421.4419,49.9507,0.014598999999999999,132628862.0,134681505.1
274,399300.SZ,2017-02-21,3475.0584,3490.0855,3472.017,3482.823,3471.3926,11.4304,0.003293,114842009.0,120675429.5
275,399300.SZ,2017-02-22,3483.2008,3489.946,3473.524,3489.7567,3482.823,6.9337,0.001991,102815994.0,109232425.8
276,399300.SZ,2017-02-23,3487.5745,3492.9616,3460.118,3473.3236,3489.7567,-16.4331,-0.004709,99536330.0,106555922.4
277,399300.SZ,2017-02-24,3468.9588,3473.8517,3455.2514,3473.8517,3473.3236,0.5281,0.000152,95535133.0,99875164.7
278,399300.SZ,2017-02-27,3471.1319,3472.8356,3441.3938,3446.2228,3473.8517,-27.6289,-0.007953,98672160.0,106830874.5
279,399300.SZ,2017-02-28,3445.0274,3460.9089,3441.3589,3452.8103,3446.2228,6.5875,0.001912,75215260.0,81979307.3
280,399300.SZ,2017-03-01,3452.2058,3472.6962,3449.109,3458.4376,3452.8103,5.6273,0.0016300000000000002,103260354.0,109317781.3
281,399300.SZ,2017-03-02,3463.4829,3468.471,3434.001,3435.0963,3458.4376,-23.3413,-0.006749000000000001,89898077.0,97876187.9
282,399300.SZ,2017-03-03,3424.6627,3428.8824,3412.8312,3427.8628,3435.0963,-7.2335,-0.0021060000000000002,80994652.0,90009618.8
283,399300.SZ,2017-03-06,3427.2533,3449.0342,3425.9041,3446.484,3427.8628,18.6212,0.005432,83070882.0,95178548.4
284,399300.SZ,2017-03-07,3446.1628,3454.0386,3440.0574,3453.9565,3446.484,7.4725,0.002168,80334720.0,94483824.2
285,399300.SZ,2017-03-08,3452.2006,3457.0351,3441.2575,3448.7313,3453.9565,-5.2252,-0.0015129999999999998,79587690.0,89124904.6
286,399300.SZ,2017-03-09,3442.8953,3443.0455,3414.6782,3426.9438,3448.7313,-21.7875,-0.006318000000000001,84570381.0,90090049.4
287,399300.SZ,2017-03-10,3423.9776,3436.2388,3423.9369,3427.8916,3426.9438,0.9478,0.000277,70016199.0,82161714.9
288,399300.SZ,2017-03-13,3425.6723,3458.098,3412.6879,3458.098,3427.8916,30.2064,0.008812,91684124.0,108489140.9
289,399300.SZ,2017-03-14,3456.6584,3465.3915,3448.9034,3456.6934,3458.098,-1.4046,-0.00040599999999999995,77077963.0,95317564.1
290,399300.SZ,2017-03-15,3452.2139,3463.9191,3445.2676,3463.6436,3456.6934,6.9502,0.002011,79104954.0,94056256.6
291,399300.SZ,2017-03-16,3472.2694,3492.1267,3472.2694,3481.5066,3463.6436,17.863,0.005157,106333913.0,124695573.6
292,399300.SZ,2017-03-17,3485.3114,3488.4969,3441.4685,3445.8051,3481.5066,-35.7015,-0.010255,103755560.0,122368918.5
293,399300.SZ,2017-03-20,3449.0515,3454.063,3429.8254,3449.6126,3445.8051,3.8075,0.001105,88734322.0,103769403.8
294,399300.SZ,2017-03-21,3449.7696,3466.7026,3445.6416,3466.3468,3449.6126,16.7342,0.004850999999999999,87707855.0,113528201.3
295,399300.SZ,2017-03-22,3450.7544,3464.3328,3433.4994,3450.0502,3466.3468,-16.2966,-0.004701,104935894.0,123865640.3
296,399300.SZ,2017-03-23,3452.4056,3470.8164,3435.6912,3461.9782,3450.0502,11.928,0.003457,94318062.0,115813813.7
297,399300.SZ,2017-03-24,3464.1966,3499.3179,3461.1108,3489.5997,3461.9782,27.6215,0.007979,125645833.0,141752526.6
298,399300.SZ,2017-03-27,3488.7647,3505.9789,3474.5206,3478.0385,3489.5997,-11.5612,-0.003313,107015377.0,124388012.1
299,399300.SZ,2017-03-28,3480.249,3482.2923,3461.4678,3469.8093,3478.0385,-8.2292,-0.002366,84194820.0,97495938.7
300,399300.SZ,2017-03-29,3472.9665,3483.0571,3455.5529,3465.1933,3469.8093,-4.616,-0.00133,104851706.0,114663468.2
301,399300.SZ,2017-03-30,3461.6159,3467.3049,3422.366,3436.758,3465.1933,-28.4353,-0.008206,116376922.0,122088021.6
302,399300.SZ,2017-03-31,3434.8222,3456.3051,3430.8197,3456.0455,3436.758,19.2875,0.005612000000000001,91577491.0,100984904.8
303,399300.SZ,2017-04-05,3476.4231,3504.5379,3475.1486,3503.8932,3456.0455,47.8477,0.013845000000000001,143399017.0,160742981.1
304,399300.SZ,2017-04-06,3507.9879,3517.7779,3495.7246,3514.0469,3503.8932,10.1537,0.002898,136767004.0,145221644.1
305,399300.SZ,2017-04-07,3514.4521,3526.815,3506.3885,3517.4634,3514.0469,3.4165,0.000972,140293204.0,144559675.5
306,399300.SZ,2017-04-10,3519.4597,3522.7955,3502.0826,3505.1392,3517.4634,-12.3242,-0.0035039999999999997,141887380.0,155747834.5
307,399300.SZ,2017-04-11,3503.8294,3520.1315,3466.139,3517.328,3505.1392,12.1888,0.003477,165945832.0,189457268.6
308,399300.SZ,2017-04-12,3514.5723,3523.0975,3497.9991,3509.4387,3517.328,-7.8893,-0.002243,181824537.0,202154571.4
309,399300.SZ,2017-04-13,3500.2838,3518.4385,3496.5699,3514.5662,3509.4387,5.1275,0.001461,129981813.0,133345929.0
310,399300.SZ,2017-04-14,3516.8103,3517.4664,3476.9468,3486.5045,3514.5662,-28.0617,-0.007984,135474078.0,130425385.3
311,399300.SZ,2017-04-17,3475.7381,3480.5696,3453.6759,3479.9417,3486.5045,-6.5628,-0.001882,117164961.0,123884371.2
312,399300.SZ,2017-04-18,3474.8892,3489.0845,3462.6297,3462.7429,3479.9417,-17.1988,-0.004941999999999999,110927823.0,126790853.4
313,399300.SZ,2017-04-19,3452.9904,3459.3524,3418.514,3445.8761,3462.7429,-16.8668,-0.0048709999999999995,121349264.0,127050362.4
314,399300.SZ,2017-04-20,3444.5225,3465.6088,3440.7151,3461.5481,3445.8761,15.672,0.004548,114184208.0,133977258.3
315,399300.SZ,2017-04-21,3461.389,3475.5622,3449.5421,3466.7865,3461.5481,5.2384,0.0015129999999999998,104419110.0,115208831.7
316,399300.SZ,2017-04-24,3458.2279,3458.2279,3403.9792,3431.2587,3466.7865,-35.5278,-0.010248,114660791.0,122778154.3
317,399300.SZ,2017-04-25,3427.7322,3449.6716,3422.6521,3440.9743,3431.2587,9.7156,0.002831,94072148.0,107599357.2
318,399300.SZ,2017-04-26,3440.2526,3466.5651,3439.1505,3445.1832,3440.9743,4.2089,0.0012230000000000001,111940029.0,131316579.2
319,399300.SZ,2017-04-27,3435.1017,3449.2723,3399.5392,3446.7202,3445.1832,1.537,0.000446,123298425.0,134610947.8
320,399300.SZ,2017-04-28,3439.5735,3439.904,3417.2375,3439.753,3446.7202,-6.9672,-0.0020210000000000002,101632351.0,113761006.6
321,399300.SZ,2017-05-02,3427.9169,3436.3064,3418.6652,3426.5766,3439.753,-13.1764,-0.0038309999999999998,92797462.0,101635858.6
322,399300.SZ,2017-05-03,3421.7586,3432.2248,3403.0782,3413.1282,3426.5766,-13.4484,-0.0039250000000000005,91669624.0,97854119.0
323,399300.SZ,2017-05-04,3404.9379,3421.3953,3391.277,3404.3864,3413.1282,-8.7418,-0.002561,103482075.0,106985952.5
324,399300.SZ,2017-05-05,3393.4831,3395.4532,3366.5568,3382.5502,3404.3864,-21.8362,-0.0064139999999999996,109895333.0,117464939.5
325,399300.SZ,2017-05-08,3369.1084,3374.1571,3339.5743,3358.8125,3382.5502,-23.7377,-0.007018,123749287.0,126885426.4
326,399300.SZ,2017-05-09,3342.5981,3358.0463,3327.5901,3352.5324,3358.8125,-6.2801,-0.00187,76771668.0,85528831.7
327,399300.SZ,2017-05-10,3350.6502,3369.4345,3336.003,3337.7007,3352.5324,-14.8317,-0.004424,92082628.0,102194980.7
328,399300.SZ,2017-05-11,3322.9455,3359.6003,3312.8921,3356.6459,3337.7007,18.9452,0.005676,109252890.0,111576379.0
329,399300.SZ,2017-05-12,3350.9371,3387.2677,3349.1671,3385.3787,3356.6459,28.7328,0.00856,93386466.0,97522124.5
330,399300.SZ,2017-05-15,3391.5881,3406.581,3391.5881,3399.1937,3385.3787,13.815,0.004081,82977611.0,92183332.8
331,399300.SZ,2017-05-16,3390.925,3428.8531,3373.552,3428.6491,3399.1937,29.4554,0.008665,105242416.0,112814103.2
332,399300.SZ,2017-05-17,3423.19,3433.9695,3408.1541,3409.9656,3428.6491,-18.6835,-0.005449000000000001,99736837.0,110553451.8
333,399300.SZ,2017-05-18,3387.6655,3409.9319,3383.935,3398.1127,3409.9656,-11.8529,-0.0034760000000000004,85759589.0,88091166.0
334,399300.SZ,2017-05-19,3395.2318,3405.9448,3392.3776,3403.8492,3398.1127,5.7365,0.001688,71473525.0,78397081.6
335,399300.SZ,2017-05-22,3400.5882,3424.1776,3391.1748,3411.2387,3403.8492,7.3895,0.0021709999999999998,92539559.0,99021121.5
336,399300.SZ,2017-05-23,3405.0254,3434.7662,3401.5338,3424.194,3411.2387,12.9553,0.003798,116911033.0,126767856.0
337,399300.SZ,2017-05-24,3409.7169,3424.1669,3383.8922,3424.1669,3424.194,-0.0271,-8e-06,83553161.0,92620045.5
338,399300.SZ,2017-05-25,3414.3992,3490.4176,3413.2246,3485.6581,3424.1669,61.4912,0.017958000000000002,130721631.0,136634020.8
339,399300.SZ,2017-05-26,3479.6206,3498.3148,3473.04,3480.4345,3485.6581,-5.2236,-0.0014990000000000001,103241153.0,112585907.3
340,399300.SZ,2017-05-31,3495.073,3515.0812,3474.9215,3492.8845,3480.4345,12.45,0.0035770000000000003,104829744.0,115968725.3
341,399300.SZ,2017-06-01,3485.2223,3499.8142,3476.4283,3497.7382,3492.8845,4.8537,0.0013900000000000002,103127724.0,116088766.2
342,399300.SZ,2017-06-02,3491.5893,3498.1189,3470.2017,3486.5074,3497.7382,-11.2308,-0.003211,82668010.0,92850747.1
343,399300.SZ,2017-06-05,3480.1692,3484.1244,3462.3144,3468.7538,3486.5074,-17.7536,-0.005092,79738152.0,85609467.4
344,399300.SZ,2017-06-06,3464.3765,3492.8816,3460.4534,3492.8816,3468.7538,24.1278,0.006956,64089388.0,77868793.7
345,399300.SZ,2017-06-07,3493.8846,3537.0947,3491.1328,3533.8718,3492.8816,40.9902,0.011735,104419968.0,124189288.4
346,399300.SZ,2017-06-08,3531.2419,3562.2724,3528.179,3560.9786,3533.8718,27.1068,0.007671,90224905.0,112035619.6
347,399300.SZ,2017-06-09,3561.2411,3590.8872,3560.6336,3576.1703,3560.9786,15.1917,0.004266,101188265.0,121700586.7
348,399300.SZ,2017-06-12,3570.2191,3603.6901,3565.9012,3574.3894,3576.1703,-1.7809,-0.000498,90381167.0,117690802.2
349,399300.SZ,2017-06-13,3569.1594,3584.4094,3559.2134,3582.2674,3574.3894,7.878,0.0022040000000000002,75177138.0,94223084.8
350,399300.SZ,2017-06-14,3571.2483,3571.2483,3530.274,3535.2987,3582.2674,-46.9687,-0.013111,83810783.0,106105319.8
351,399300.SZ,2017-06-15,3530.7465,3542.2796,3508.9461,3528.7926,3535.2987,-6.5061,-0.00184,82632535.0,106053901.1
352,399300.SZ,2017-06-16,3522.9745,3536.1401,3514.3892,3518.7611,3528.7926,-10.0315,-0.002843,76452707.0,91462286.3
353,399300.SZ,2017-06-19,3520.0602,3554.91,3520.0602,3553.6653,3518.7611,34.9042,0.009919,79797141.0,98572358.2
354,399300.SZ,2017-06-20,3560.7871,3563.6964,3539.5149,3546.494,3553.6653,-7.1713,-0.0020180000000000003,80509559.0,98187595.4
355,399300.SZ,2017-06-21,3567.1256,3587.9863,3545.5666,3587.955,3546.494,41.461,0.011691,87859824.0,117147797.1
356,399300.SZ,2017-06-22,3583.5583,3635.5273,3581.3375,3590.3425,3587.955,2.3875,0.000665,135526987.0,169418803.3
357,399300.SZ,2017-06-23,3583.4359,3623.2352,3569.3225,3622.8831,3590.3425,32.5406,0.009063,105129134.0,133975111.7
358,399300.SZ,2017-06-26,3627.0208,3671.9435,3627.0208,3668.0919,3622.8831,45.2088,0.012479,134637995.0,170736841.9
359,399300.SZ,2017-06-27,3665.5775,3676.5328,3648.7635,3674.7152,3668.0919,6.6233,0.001806,97558702.0,123057231.6
360,399300.SZ,2017-06-28,3664.1629,3672.1887,3644.0268,3646.1666,3674.7152,-28.5486,-0.007769000000000001,97920858.0,124465947.1
361,399300.SZ,2017-06-29,3649.2525,3669.1345,3644.7331,3668.8279,3646.1666,22.6613,0.006215000000000001,85589498.0,111847266.8
362,399300.SZ,2017-06-30,3654.7348,3669.7584,3646.2272,3666.7977,3668.8279,-2.0302,-0.000553,81510028.0,102459981.9
363,399300.SZ,2017-07-03,3667.2316,3667.5957,3633.7825,3650.8463,3666.7977,-15.9514,-0.00435,88820860.0,115214687.8
364,399300.SZ,2017-07-04,3646.828,3646.8455,3611.6911,3619.9841,3650.8463,-30.8622,-0.008453,95071413.0,125350417.5
365,399300.SZ,2017-07-05,3611.8984,3660.7291,3610.4586,3659.6795,3619.9841,39.6954,0.010966,88232425.0,120351565.3
366,399300.SZ,2017-07-06,3654.5576,3666.7745,3629.56,3660.0967,3659.6795,0.4172,0.000114,102379245.0,132837126.7
367,399300.SZ,2017-07-07,3647.6416,3657.1131,3631.8702,3655.9293,3660.0967,-4.1674,-0.001139,103735497.0,123465392.6
368,399300.SZ,2017-07-10,3647.9379,3667.8455,3641.5277,3653.6868,3655.9293,-2.2425,-0.000613,120591910.0,141034626.5
369,399300.SZ,2017-07-11,3646.8783,3701.2087,3645.9946,3670.8086,3653.6868,17.1218,0.004686,118760826.0,145084363.2
370,399300.SZ,2017-07-12,3672.6328,3691.5814,3640.5893,3658.8236,3670.8086,-11.985,-0.003265,122287792.0,143494599.0
371,399300.SZ,2017-07-13,3656.3502,3690.4832,3652.5658,3686.9205,3658.8236,28.0969,0.007679,125669549.0,146388679.5
372,399300.SZ,2017-07-14,3682.6153,3703.094,3672.7425,3703.094,3686.9205,16.1735,0.004386999999999999,105514005.0,121021448.8
373,399300.SZ,2017-07-17,3700.6179,3716.47,3621.3652,3663.5575,3703.094,-39.5365,-0.010677,178821600.0,196217253.7
374,399300.SZ,2017-07-18,3648.4942,3667.5408,3622.0414,3667.1807,3663.5575,3.6232,0.000989,124622056.0,141472283.9
375,399300.SZ,2017-07-19,3660.8665,3731.0468,3658.2035,3729.7466,3667.1807,62.5659,0.017061,182477787.0,198392451.7
376,399300.SZ,2017-07-20,3725.1436,3750.1938,3723.0689,3747.8843,3729.7466,18.1377,0.004863,142410039.0,169267149.9
377,399300.SZ,2017-07-21,3738.1847,3751.6947,3722.0656,3728.5976,3747.8843,-19.2867,-0.0051459999999999995,117941226.0,141432632.9
378,399300.SZ,2017-07-24,3724.3778,3755.1902,3719.8488,3743.4686,3728.5976,14.871,0.003988,134868722.0,154701874.6
379,399300.SZ,2017-07-25,3742.6405,3752.1559,3713.2766,3719.559,3743.4686,-23.9096,-0.006387,121672059.0,133531656.1
380,399300.SZ,2017-07-26,3722.8761,3738.5316,3684.1819,3705.3884,3719.559,-14.1706,-0.00381,136325210.0,146518004.9
381,399300.SZ,2017-07-27,3700.8558,3716.6888,3672.4971,3712.1947,3705.3884,6.8063,0.001837,145002904.0,161631225.3
382,399300.SZ,2017-07-28,3703.4895,3725.5378,3696.7776,3721.8914,3712.1947,9.6967,0.0026119999999999997,111411392.0,125817861.9
383,399300.SZ,2017-07-31,3722.4282,3746.5207,3713.655,3737.8732,3721.8914,15.9818,0.004294,148429039.0,160890133.1
384,399300.SZ,2017-08-01,3738.7364,3770.4043,3737.0954,3770.3828,3737.8732,32.5096,0.008697,152546539.0,173127578.9
385,399300.SZ,2017-08-02,3768.1938,3784.3511,3759.2764,3760.8525,3770.3828,-9.5303,-0.0025280000000000003,172293383.0,189336782.8
386,399300.SZ,2017-08-03,3755.1081,3766.3452,3718.4351,3727.8264,3760.8525,-33.0261,-0.008782,146153944.0,164710461.5
387,399300.SZ,2017-08-04,3724.7225,3738.7312,3707.003,3707.5796,3727.8264,-20.2468,-0.005431,157470060.0,168292664.5
388,399300.SZ,2017-08-07,3701.2161,3730.7774,3689.9552,3726.7948,3707.5796,19.2152,0.005183,124231530.0,134348537.4
389,399300.SZ,2017-08-08,3724.3287,3737.3344,3718.8116,3732.2129,3726.7948,5.4181,0.001454,137241928.0,146481868.9
390,399300.SZ,2017-08-09,3728.0319,3738.999,3713.5668,3731.044,3732.2129,-1.1689,-0.000313,124679989.0,137223598.2
391,399300.SZ,2017-08-10,3724.962,3746.8614,3688.1766,3715.9208,3731.044,-15.1232,-0.004053,130085128.0,148005169.4
392,399300.SZ,2017-08-11,3687.9314,3700.4944,3645.0945,3647.3503,3715.9208,-68.5705,-0.018453,150387421.0,161083470.4
393,399300.SZ,2017-08-14,3651.3754,3698.3663,3651.3754,3694.6831,3647.3503,47.3328,0.012977,115308451.0,140233894.1
394,399300.SZ,2017-08-15,3695.78,3719.2931,3692.2802,3706.0566,3694.6831,11.3735,0.003078,106444857.0,124790630.9
395,399300.SZ,2017-08-16,3701.1337,3707.144,3679.7338,3701.4207,3706.0566,-4.6359,-0.001251,104134141.0,127282165.8
396,399300.SZ,2017-08-17,3707.0668,3722.6239,3704.4126,3721.277,3701.4207,19.8563,0.005365,108656251.0,137020002.9
397,399300.SZ,2017-08-18,3707.1891,3733.4914,3700.4112,3724.6748,3721.277,3.3978,0.0009130000000000001,96561705.0,123078163.9
398,399300.SZ,2017-08-21,3731.8399,3744.2631,3728.6157,3740.9941,3724.6748,16.3193,0.0043809999999999995,100313073.0,123911716.2
399,399300.SZ,2017-08-22,3745.7543,3758.2924,3734.5556,3752.298,3740.9941,11.3039,0.0030220000000000004,100292856.0,131131078.3
400,399300.SZ,2017-08-23,3747.6108,3772.4568,3741.7204,3756.0884,3752.298,3.7904,0.00101,104961573.0,124081155.7
401,399300.SZ,2017-08-24,3755.8902,3765.7082,3729.0876,3734.6458,3756.0884,-21.4426,-0.005709,89947372.0,107736019.0
402,399300.SZ,2017-08-25,3736.2916,3795.9693,3736.2916,3795.7544,3734.6458,61.1086,0.016363000000000003,129940900.0,150697083.0
403,399300.SZ,2017-08-28,3805.6567,3866.9422,3805.6567,3842.7119,3795.7544,46.9575,0.012371,185576325.0,236446280.8
404,399300.SZ,2017-08-29,3839.1779,3847.9303,3825.7597,3834.5376,3842.7119,-8.1743,-0.002127,128227070.0,158978683.6
405,399300.SZ,2017-08-30,3834.2682,3854.7062,3827.8607,3834.3005,3834.5376,-0.2371,-6.2e-05,141352857.0,166235122.0
406,399300.SZ,2017-08-31,3835.8394,3840.199,3800.8861,3822.0928,3834.3005,-12.2077,-0.003184,132944935.0,157079216.0
407,399300.SZ,2017-09-01,3825.3392,3843.6176,3818.1586,3830.5383,3822.0928,8.4455,0.00221,158645511.0,182770431.9
408,399300.SZ,2017-09-04,3828.5447,3847.0906,3813.5537,3845.6163,3830.5383,15.078,0.003936,149566320.0,175551068.2
409,399300.SZ,2017-09-05,3845.5451,3865.2938,3841.9514,3857.0464,3845.6163,11.4301,0.0029720000000000002,124964155.0,145779755.3
410,399300.SZ,2017-09-06,3846.7471,3858.2481,3831.3835,3849.4499,3857.0464,-7.5965,-0.00197,131398723.0,155883314.7
411,399300.SZ,2017-09-07,3851.688,3858.1617,3828.835,3829.8713,3849.4499,-19.5786,-0.005086,123884181.0,156113397.1
412,399300.SZ,2017-09-08,3830.0707,3843.0186,3813.9833,3825.9895,3829.8713,-3.8818,-0.0010140000000000001,106036504.0,134958583.9
413,399300.SZ,2017-09-11,3828.3422,3850.7409,3817.5108,3825.6453,3825.9895,-0.3442,-8.999999999999999e-05,123883997.0,154793900.7
414,399300.SZ,2017-09-12,3832.2422,3849.3885,3822.0037,3837.9341,3825.6453,12.2888,0.003212,144190242.0,187605312.0
415,399300.SZ,2017-09-13,3835.5493,3847.7841,3822.9441,3842.6061,3837.9341,4.672,0.001217,95410785.0,126254360.9
416,399300.SZ,2017-09-14,3843.572,3854.4931,3820.0876,3829.9554,3842.6061,-12.6507,-0.003292,115358583.0,143111639.1
417,399300.SZ,2017-09-15,3826.1448,3843.297,3818.5234,3831.2965,3829.9554,1.3411,0.00035000000000000005,122427006.0,153477215.1
418,399300.SZ,2017-09-18,3832.9626,3862.3589,3832.9626,3843.1428,3831.2965,11.8463,0.0030919999999999997,117934405.0,152841028.4
419,399300.SZ,2017-09-19,3849.8794,3857.303,3820.2885,3832.1161,3843.1428,-11.0267,-0.002869,112432987.0,145528457.5
420,399300.SZ,2017-09-20,3830.1549,3850.9426,3827.8858,3842.4353,3832.1161,10.3192,0.0026929999999999996,101129542.0,135041882.3
421,399300.SZ,2017-09-21,3843.2577,3860.7977,3837.384,3837.8176,3842.4353,-4.6177,-0.001202,111098192.0,144132893.2
422,399300.SZ,2017-09-22,3826.4589,3842.252,3816.8225,3837.7304,3837.8176,-0.0872,-2.3e-05,100619802.0,128360894.8
423,399300.SZ,2017-09-25,3829.219,3835.3894,3811.1192,3817.7915,3837.7304,-19.9389,-0.005195,103948976.0,135980239.1
424,399300.SZ,2017-09-26,3810.3333,3821.6928,3808.3827,3820.7816,3817.7915,2.9901,0.000783,81869407.0,101036334.8
425,399300.SZ,2017-09-27,3818.9646,3832.566,3818.8147,3821.2,3820.7816,0.4184,0.00010999999999999999,85655811.0,109299492.2
426,399300.SZ,2017-09-28,3821.5904,3827.3308,3813.7532,3822.5386,3821.2,1.3386,0.00035000000000000005,93544069.0,115646338.5
427,399300.SZ,2017-09-29,3825.2021,3852.2236,3825.2021,3836.5013,3822.5386,13.9627,0.003653,93306028.0,116056776.5
428,399300.SZ,2017-10-11,3886.8184,3913.0695,3885.497,3902.6868,3889.8637,12.8231,0.003297,104418151.0,144152740.0
429,399300.SZ,2017-10-12,3902.0156,3917.4435,3897.5472,3912.9536,3902.6868,10.2668,0.002631,94340921.0,123147248.6
430,399300.SZ,2017-10-13,3912.975,3927.1744,3908.8885,3921.0017,3912.9536,8.0481,0.002057,90142068.0,114314854.7
431,399300.SZ,2017-10-16,3926.2754,3947.4239,3913.3224,3913.4462,3921.0017,-7.5555,-0.0019270000000000001,121355033.0,150823756.5
432,399300.SZ,2017-10-17,3910.7894,3924.6141,3900.4758,3913.0688,3913.4462,-0.3774,-9.599999999999999e-05,82241227.0,106708451.6
433,399300.SZ,2017-10-18,3914.8152,3944.4106,3914.8152,3944.1626,3913.0688,31.0938,0.007946,100969841.0,126420379.6
434,399300.SZ,2017-10-19,3940.5831,3944.0349,3923.6455,3931.2495,3944.1626,-12.9131,-0.0032740000000000004,106527252.0,133189855.1
435,399300.SZ,2017-10-20,3918.5265,3928.9607,3910.1974,3926.852,3931.2495,-4.3975,-0.001119,72980180.0,94529636.6
436,399300.SZ,2017-10-23,3930.8914,3936.2729,3920.6562,3930.7981,3926.852,3.9461,0.001005,81484980.0,100280911.3
437,399300.SZ,2017-10-24,3926.2299,3959.4951,3922.0288,3959.3953,3930.7981,28.5972,0.007275,93058154.0,120192150.5
438,399300.SZ,2017-10-25,3958.1669,3978.0893,3954.0011,3976.949,3959.3953,17.5537,0.004433,88205458.0,106820309.5
439,399300.SZ,2017-10-26,3980.0479,4013.5988,3973.5535,3993.5752,3976.949,16.6262,0.004181000000000001,129895465.0,170488618.5
440,399300.SZ,2017-10-27,3992.5539,4024.4645,3991.354,4021.9676,3993.5752,28.3924,0.00711,126672846.0,152974831.0
441,399300.SZ,2017-10-30,4022.1641,4033.3394,3960.2698,4009.7218,4021.9676,-12.2458,-0.003045,157387603.0,193489838.4
442,399300.SZ,2017-10-31,3995.3935,4009.2828,3983.2565,4006.7179,4009.7218,-3.0039,-0.000749,109178779.0,142897206.9
443,399300.SZ,2017-11-01,4007.9116,4032.4581,3991.3235,3996.6221,4006.7179,-10.0958,-0.00252,130417380.0,166477138.5
444,399300.SZ,2017-11-02,3994.0946,3999.2262,3971.3761,3997.1343,3996.6221,0.5122,0.000128,126100579.0,151981363.6
445,399300.SZ,2017-11-03,3992.3496,3999.3373,3963.0263,3992.6979,3997.1343,-4.4364,-0.00111,129404439.0,158142056.5
446,399300.SZ,2017-11-06,3989.1824,4021.6382,3975.4069,4020.8896,3992.6979,28.1917,0.007061,122081159.0,158911861.1
447,399300.SZ,2017-11-07,4022.4018,4064.2178,4021.3639,4054.2465,4020.8896,33.3569,0.008296,152116663.0,193990974.0
448,399300.SZ,2017-11-08,4051.4935,4089.1457,4040.5772,4048.0057,4054.2465,-6.2408,-0.001539,150827719.0,200949740.6
449,399300.SZ,2017-11-09,4043.0663,4076.6102,4038.4004,4075.8998,4048.0057,27.8941,0.006891,121056335.0,159247198.1
450,399300.SZ,2017-11-10,4070.2763,4116.7142,4067.657,4111.9112,4075.8998,36.0114,0.008834999999999999,141817165.0,198869833.8
451,399300.SZ,2017-11-13,4115.5507,4137.6455,4115.5507,4128.0733,4111.9112,16.1621,0.0039310000000000005,151446309.0,205930794.5
452,399300.SZ,2017-11-14,4129.2736,4133.5462,4086.8903,4099.351,4128.0733,-28.7223,-0.006958,143236936.0,199605009.0
453,399300.SZ,2017-11-15,4084.2131,4102.8071,4055.7167,4073.6696,4099.351,-25.6814,-0.006265,120635696.0,177753075.4
454,399300.SZ,2017-11-16,4063.4943,4107.617,4062.2734,4105.0122,4073.6696,31.3426,0.0076939999999999995,121384414.0,172903880.5
455,399300.SZ,2017-11-17,4094.0787,4122.3756,4081.3723,4120.8508,4105.0122,15.8386,0.003858,191784119.0,253079314.0
456,399300.SZ,2017-11-20,4093.734,4144.5144,4060.9636,4143.8334,4120.8508,22.9826,0.0055769999999999995,137447258.0,191589637.4
457,399300.SZ,2017-11-21,4131.8482,4220.2636,4129.9783,4217.7015,4143.8334,73.8681,0.017825999999999998,180350821.0,253302199.6
458,399300.SZ,2017-11-22,4228.3721,4260.6395,4191.145,4227.5666,4217.7015,9.8651,0.002339,186477003.0,254298361.6
459,399300.SZ,2017-11-23,4213.3781,4214.1895,4086.9018,4102.3966,4227.5666,-125.17,-0.029608,178147228.0,237536704.7
460,399300.SZ,2017-11-24,4089.4723,4116.5942,4057.4894,4104.2034,4102.3966,1.8068,0.00043999999999999996,130858040.0,182912191.3
461,399300.SZ,2017-11-27,4088.9318,4088.9318,4037.1457,4049.9475,4104.2034,-54.2559,-0.01322,143455268.0,183004551.2
462,399300.SZ,2017-11-28,4034.2057,4056.4753,4010.2955,4055.8235,4049.9475,5.876,0.001451,102058095.0,135539647.2
463,399300.SZ,2017-11-29,4061.3545,4069.2418,4004.687,4053.7529,4055.8235,-2.0706,-0.000511,124553642.0,165743341.2
464,399300.SZ,2017-11-30,4034.0091,4052.797,3988.0018,4006.0993,4053.7529,-47.6536,-0.011755,107983345.0,145829948.3
465,399300.SZ,2017-12-01,4003.5604,4027.1064,3984.3776,3998.1365,4006.0993,-7.9628,-0.001988,97386913.0,136010927.5
466,399300.SZ,2017-12-04,3989.0466,4032.9859,3982.3182,4018.8571,3998.1365,20.7206,0.005183,102647219.0,138223055.5
467,399300.SZ,2017-12-05,4007.9361,4045.9331,4006.5432,4040.1704,4018.8571,21.3133,0.0053029999999999996,154087076.0,196337660.2
468,399300.SZ,2017-12-06,4027.1231,4031.7533,3964.8087,4015.8211,4040.1704,-24.3493,-0.006027,109286205.0,144114954.1
469,399300.SZ,2017-12-07,4003.5826,4017.9465,3955.9939,3971.0569,4015.8211,-44.7642,-0.011147,90254045.0,119651201.5
470,399300.SZ,2017-12-08,3962.8288,4014.1387,3955.44,4003.3792,3971.0569,32.3223,0.008139,89282861.0,124371230.3
471,399300.SZ,2017-12-11,4006.8784,4069.4997,4005.2687,4069.4997,4003.3792,66.1205,0.016516,97148946.0,148476588.4
472,399300.SZ,2017-12-12,4068.5053,4070.1503,4015.4546,4016.0163,4069.4997,-53.4834,-0.013143,84338718.0,123515183.1
473,399300.SZ,2017-12-13,4013.8319,4052.6878,4004.7436,4050.0927,4016.0163,34.0764,0.008485,77546131.0,115006383.3
474,399300.SZ,2017-12-14,4050.9028,4057.6245,4013.8546,4026.1516,4050.0927,-23.9411,-0.005911,80768862.0,115086944.9
475,399300.SZ,2017-12-15,4018.7313,4020.2668,3974.9277,3980.8558,4026.1516,-45.2958,-0.01125,89044389.0,118474144.2
476,399300.SZ,2017-12-18,3983.2965,4008.0688,3967.9343,3985.2914,3980.8558,4.4356,0.001114,77853375.0,111724349.8
477,399300.SZ,2017-12-19,3985.8233,4035.6296,3985.8233,4035.3294,3985.2914,50.038,0.012556000000000001,77528985.0,115998204.3
478,399300.SZ,2017-12-20,4036.019,4044.8485,4015.6285,4030.4898,4035.3294,-4.8396,-0.001199,90604503.0,126812878.1
479,399300.SZ,2017-12-21,4023.076,4080.781,4014.6526,4067.8485,4030.4898,37.3587,0.009269,96836089.0,137819520.8
480,399300.SZ,2017-12-22,4064.9131,4076.8028,4048.4913,4054.5984,4067.8485,-13.2501,-0.003257,73473684.0,104426496.0
481,399300.SZ,2017-12-25,4057.4173,4086.9342,4026.4496,4041.5401,4054.5984,-13.0583,-0.003221,91926962.0,129938839.1
482,399300.SZ,2017-12-26,4040.6173,4056.8554,4015.2996,4053.6224,4041.5401,12.0823,0.00299,91118790.0,119725100.6
483,399300.SZ,2017-12-27,4045.2793,4047.7366,3986.7385,3991.2075,4053.6224,-62.4149,-0.015397000000000001,105153577.0,140516907.1
484,399300.SZ,2017-12-28,3992.997,4036.6975,3980.2358,4018.8974,3991.2075,27.6899,0.006938,118542886.0,153636695.7
485,399300.SZ,2017-12-29,4022.8826,4043.14,4012.8749,4030.8549,4018.8974,11.9575,0.0029749999999999998,90486683.0,121257038.5
486,399300.SZ,2018-01-02,4045.2086,4087.7789,4045.2086,4087.4012,4030.8549,56.5463,0.014028,146935435.0,178402032.8
487,399300.SZ,2018-01-03,4091.4607,4140.0543,4088.7302,4111.3925,4087.4012,23.9913,0.005869999999999999,151852218.0,205726889.5
488,399300.SZ,2018-01-04,4114.1213,4137.642,4105.8858,4128.8119,4111.3925,17.4194,0.004237,134543794.0,174523556.1
489,399300.SZ,2018-01-05,4133.3439,4151.2818,4123.2817,4138.7505,4128.8119,9.9386,0.002407,149009872.0,185206293.2
490,399300.SZ,2018-01-08,4140.8545,4166.3182,4127.3081,4160.1595,4138.7505,21.409,0.005173,173877666.0,226403872.9
491,399300.SZ,2018-01-09,4157.5394,4191.2843,4153.5021,4189.2977,4160.1595,29.1382,0.007004,139034294.0,181975079.7
492,399300.SZ,2018-01-10,4187.2044,4211.0549,4175.1355,4207.8132,4189.2977,18.5155,0.00442,151121666.0,194850253.8
493,399300.SZ,2018-01-11,4197.1136,4211.799,4181.9572,4205.5863,4207.8132,-2.2269,-0.0005290000000000001,121578539.0,170407305.9
494,399300.SZ,2018-01-12,4205.1444,4227.3923,4199.0251,4225.001,4205.5863,19.4147,0.004616,111354794.0,157606210.6
495,399300.SZ,2018-01-15,4229.8357,4262.9314,4216.3585,4225.2393,4225.001,0.2383,5.6e-05,170907897.0,234986586.0
496,399300.SZ,2018-01-16,4215.6247,4260.2118,4213.1275,4258.473,4225.2393,33.2337,0.007866,161494963.0,228271224.7
497,399300.SZ,2018-01-17,4261.7833,4283.3449,4230.5367,4248.1164,4258.473,-10.3566,-0.002432,214311032.0,284554359.8
498,399300.SZ,2018-01-18,4259.375,4292.6372,4246.684,4271.4168,4248.1164,23.3004,0.005485,172032846.0,225289688.9
499,399300.SZ,2018-01-19,4281.9371,4316.5714,4269.6167,4285.395,4271.4168,13.9782,0.0032719999999999997,209490570.0,258554725.3
500,399300.SZ,2018-01-22,4276.4811,4338.4832,4275.8977,4336.5974,4285.395,51.2024,0.011948,174643195.0,233960223.3
501,399300.SZ,2018-01-23,4346.8885,4383.5722,4346.7925,4382.6129,4336.5974,46.0155,0.010610999999999999,201867585.0,257113359.8
502,399300.SZ,2018-01-24,4389.4547,4397.8196,4349.0865,4389.8853,4382.6129,7.2724,0.0016589999999999999,219818889.0,284470809.5
503,399300.SZ,2018-01-25,4381.9768,4392.1963,4336.2386,4365.0794,4389.8853,-24.8059,-0.005651000000000001,195374950.0,250308091.8
504,399300.SZ,2018-01-26,4352.2211,4403.3375,4351.4871,4381.2996,4365.0794,16.2202,0.0037159999999999997,177227237.0,223331309.1
505,399300.SZ,2018-01-29,4387.0577,4395.9053,4287.1124,4302.0181,4381.2996,-79.2815,-0.018095,191100354.0,256176323.7
506,399300.SZ,2018-01-30,4286.6834,4308.5115,4251.5706,4256.1021,4302.0181,-45.916,-0.010672999999999998,139034730.0,186650566.1
507,399300.SZ,2018-01-31,4234.1101,4287.8576,4232.7727,4275.8986,4256.1021,19.7965,0.004651,145210164.0,194401798.0
508,399300.SZ,2018-02-01,4276.3425,4287.3888,4214.2909,4245.8978,4275.8986,-30.0008,-0.007016,190002934.0,239230298.9
509,399300.SZ,2018-02-02,4213.9386,4271.7647,4181.7793,4271.2326,4245.8978,25.3348,0.005967,146066827.0,191169867.2
510,399300.SZ,2018-02-05,4204.458,4274.1464,4200.1409,4274.1464,4271.2326,2.9138,0.000682,161347799.0,217360144.5
511,399300.SZ,2018-02-06,4182.3257,4211.5234,4131.5562,4148.8856,4274.1464,-125.2608,-0.029307,214910450.0,279415083.1
512,399300.SZ,2018-02-07,4205.7365,4212.5677,4048.4228,4050.4972,4148.8856,-98.3884,-0.023714,203127493.0,261507027.3
513,399300.SZ,2018-02-08,4022.8802,4071.6653,3974.6779,4012.0472,4050.4972,-38.45,-0.009493,159269985.0,199061771.9
514,399300.SZ,2018-02-09,3896.1691,3911.2917,3759.1463,3840.6527,4012.0472,-171.3945,-0.04272,206349828.0,246774828.4
515,399300.SZ,2018-02-12,3846.2671,3907.843,3828.0697,3890.1046,3840.6527,49.4519,0.012876,116182637.0,149858043.5
516,399300.SZ,2018-02-13,3925.5955,3986.9807,3925.5955,3935.6324,3890.1046,45.5278,0.011702999999999998,112565885.0,144479354.3
517,399300.SZ,2018-02-14,3945.0943,3971.4041,3923.1267,3966.9614,3935.6324,31.329,0.00796,71081338.0,93110201.3
518,399300.SZ,2018-02-22,4020.9731,4058.7878,4009.9202,4052.7332,3966.9614,85.7718,0.021622,105811571.0,138334361.7
519,399300.SZ,2018-02-23,4061.7545,4085.2008,4035.2319,4071.0889,4052.7332,18.3557,0.004529,99458746.0,128195835.1
520,399300.SZ,2018-02-26,4093.3988,4128.7435,4048.9834,4118.4186,4071.0889,47.3297,0.011626000000000001,137881001.0,179013093.6
521,399300.SZ,2018-02-27,4120.8712,4120.8712,4051.8054,4058.9806,4118.4186,-59.438,-0.014432,125934470.0,169684900.9
522,399300.SZ,2018-02-28,4016.7911,4051.7124,3991.7063,4023.6415,4058.9806,-35.3391,-0.008706,109343593.0,152493909.2
523,399300.SZ,2018-03-01,3994.8686,4061.0328,3986.8947,4049.0863,4023.6415,25.4448,0.006324,110199852.0,146003456.6
524,399300.SZ,2018-03-02,4014.951,4044.4183,4006.9435,4016.461,4049.0863,-32.6253,-0.008057,96165000.0,130931181.2
525,399300.SZ,2018-03-05,4021.6575,4042.8346,3995.8715,4018.097,4016.461,1.636,0.000407,87952548.0,118197859.4
526,399300.SZ,2018-03-06,4034.9854,4067.5525,3998.9317,4066.5647,4018.097,48.4677,0.012062,138762444.0,171370654.1
527,399300.SZ,2018-03-07,4063.5028,4089.6964,4027.9363,4036.6536,4066.5647,-29.9111,-0.007355,106952426.0,136572305.5
528,399300.SZ,2018-03-08,4038.9527,4078.2263,4029.7144,4077.6001,4036.6536,40.9465,0.010144,91155810.0,123634637.1
529,399300.SZ,2018-03-09,4088.0704,4110.6738,4076.4537,4108.8652,4077.6001,31.2651,0.007668,113701808.0,150024119.6
530,399300.SZ,2018-03-12,4130.7082,4139.5259,4112.7658,4127.6662,4108.8652,18.801,0.004576,140906739.0,190367593.7
531,399300.SZ,2018-03-13,4124.3312,4130.2829,4087.5629,4091.2533,4127.6662,-36.4129,-0.008822,111766430.0,141174160.6
532,399300.SZ,2018-03-14,4076.0626,4089.0942,4066.4896,4073.3447,4091.2533,-17.9086,-0.004377,99013409.0,131537959.3
533,399300.SZ,2018-03-15,4058.7058,4098.989,4058.7058,4096.1627,4073.3447,22.818,0.005602,88161156.0,126882452.7
534,399300.SZ,2018-03-16,4096.8857,4110.0451,4055.822,4056.4226,4096.1627,-39.7401,-0.009701999999999999,84896188.0,122125342.0
535,399300.SZ,2018-03-19,4054.6167,4074.518,4033.5216,4074.2479,4056.4226,17.8253,0.004394,81502882.0,118183815.1
536,399300.SZ,2018-03-20,4045.7428,4080.1925,4040.308,4077.7041,4074.2479,3.4562,0.000848,80605280.0,111980234.0
537,399300.SZ,2018-03-21,4097.0243,4110.1158,4046.2408,4061.0502,4077.7041,-16.6539,-0.004084,97609488.0,139330411.8
538,399300.SZ,2018-03-22,4062.0668,4072.3771,4003.721,4020.349,4061.0502,-40.7012,-0.010022,89095259.0,127664337.9
539,399300.SZ,2018-03-23,3896.7359,3928.5114,3834.9373,3904.9355,4020.349,-115.4135,-0.028706999999999996,180080449.0,218905031.3
540,399300.SZ,2018-03-26,3862.6948,3883.901,3829.9155,3879.893,3904.9355,-25.0425,-0.006412999999999999,115139128.0,156604527.2
541,399300.SZ,2018-03-27,3927.492,3936.778,3881.8726,3913.2689,3879.893,33.3759,0.008602,113700711.0,162291546.5
542,399300.SZ,2018-03-28,3865.0454,3907.2811,3835.8825,3842.7155,3913.2689,-70.5534,-0.018029,101494908.0,155848951.0
543,399300.SZ,2018-03-29,3854.5914,3913.9578,3794.2617,3894.0498,3842.7155,51.3343,0.013359000000000001,116629066.0,164996782.9
544,399300.SZ,2018-03-30,3893.7468,3915.3473,3879.2128,3898.4977,3894.0498,4.4479,0.001142,97512270.0,137959280.4
545,399300.SZ,2018-04-02,3897.0052,3937.0183,3882.8856,3886.9189,3898.4977,-11.5788,-0.00297,111242666.0,159356080.0
546,399300.SZ,2018-04-03,3850.1546,3878.1504,3839.9333,3862.4796,3886.9189,-24.4393,-0.006288,95137369.0,132049936.1
547,399300.SZ,2018-04-04,3873.6267,3898.6126,3852.4958,3854.8625,3862.4796,-7.6171,-0.001972,88730609.0,131593067.9
548,399300.SZ,2018-04-09,3851.9548,3870.6736,3827.4133,3852.9292,3854.8625,-1.9333,-0.0005020000000000001,84105462.0,118167273.5
549,399300.SZ,2018-04-10,3860.7225,3927.4247,3851.7957,3927.1729,3852.9292,74.2437,0.019269,106173722.0,137941300.2
550,399300.SZ,2018-04-11,3934.1698,3958.7071,3924.9603,3938.3434,3927.1729,11.1705,0.0028439999999999997,111933021.0,139989290.6
551,399300.SZ,2018-04-12,3935.673,3937.7837,3896.1789,3898.6354,3938.3434,-39.708,-0.010082,82699490.0,108075565.4
552,399300.SZ,2018-04-13,3920.7375,3929.952,3866.186,3871.1443,3898.6354,-27.4911,-0.007050999999999999,71544203.0,98921826.9
553,399300.SZ,2018-04-16,3862.4738,3869.156,3789.6121,3808.863,3871.1443,-62.2813,-0.016089,99217770.0,131566866.8
554,399300.SZ,2018-04-17,3812.8746,3822.6264,3745.4442,3748.6412,3808.863,-60.2218,-0.015811,90610790.0,126518751.9
555,399300.SZ,2018-04-18,3785.3059,3789.6591,3708.1068,3766.282,3748.6412,17.6408,0.004706,106676706.0,143077676.0
556,399300.SZ,2018-04-19,3774.784,3824.0321,3767.7974,3811.843,3766.282,45.561,0.012097,99054060.0,127520121.5
557,399300.SZ,2018-04-20,3801.2075,3815.444,3750.1033,3760.8543,3811.843,-50.9887,-0.013375999999999999,99282925.0,123550664.5
558,399300.SZ,2018-04-23,3754.6896,3787.3951,3735.1842,3766.3257,3760.8543,5.4714,0.001455,90356291.0,111763031.4
559,399300.SZ,2018-04-24,3769.8787,3854.4292,3769.8787,3843.4886,3766.3257,77.1629,0.020488,114219525.0,145700512.7
560,399300.SZ,2018-04-25,3824.5929,3838.6921,3817.032,3828.7015,3843.4886,-14.7871,-0.0038469999999999997,78172612.0,105750449.4
561,399300.SZ,2018-04-26,3823.3921,3828.7129,3744.8852,3755.4941,3828.7015,-73.2074,-0.019121,87150641.0,125772304.5
562,399300.SZ,2018-04-27,3771.0369,3776.9751,3714.6444,3756.8765,3755.4941,1.3824,0.000368,89531726.0,142113627.6
563,399300.SZ,2018-05-02,3769.9251,3787.3025,3744.5475,3763.6461,3756.8765,6.7696,0.001802,83301035.0,120083483.2
564,399300.SZ,2018-05-03,3756.1657,3797.5269,3732.3718,3793.0001,3763.6461,29.354,0.007799,93961118.0,122740168.8
565,399300.SZ,2018-05-04,3784.3161,3801.5243,3770.9389,3774.5981,3793.0001,-18.402,-0.004852,71554288.0,98315254.6
566,399300.SZ,2018-05-07,3782.5404,3834.5872,3776.0296,3834.1877,3774.5981,59.5896,0.015787,87286195.0,126354800.8
567,399300.SZ,2018-05-08,3834.6141,3892.0732,3833.729,3878.6767,3834.1877,44.489,0.011603,94215157.0,135445862.5
568,399300.SZ,2018-05-09,3876.1296,3878.9382,3855.7392,3871.6152,3878.6767,-7.0615,-0.0018210000000000001,66712966.0,92322896.2
569,399300.SZ,2018-05-10,3882.8357,3894.4902,3867.3084,3893.0565,3871.6152,21.4413,0.0055379999999999995,70667809.0,103255140.5
570,399300.SZ,2018-05-11,3902.1481,3903.3378,3871.9523,3872.8383,3893.0565,-20.2182,-0.005193,73356604.0,107715457.0
571,399300.SZ,2018-05-14,3886.8736,3919.2999,3886.8736,3909.2933,3872.8383,36.455,0.009413,81975999.0,122520047.9
572,399300.SZ,2018-05-15,3920.1395,3924.3427,3892.9198,3924.0975,3909.2933,14.8042,0.003787,76049555.0,106091905.8
573,399300.SZ,2018-05-16,3909.8183,3923.3433,3889.1877,3892.8442,3924.0975,-31.2533,-0.007964,71913646.0,106533930.2
574,399300.SZ,2018-05-17,3895.4895,3899.5137,3858.8525,3864.0507,3892.8442,-28.7935,-0.007397,59030123.0,87104164.6
575,399300.SZ,2018-05-18,3860.1644,3903.0637,3841.896,3903.0637,3864.0507,39.013,0.010096,72613956.0,96823851.8
576,399300.SZ,2018-05-21,3925.5394,3937.4607,3913.6046,3921.2421,3903.0637,18.1784,0.004657,92641737.0,120528726.0
577,399300.SZ,2018-05-22,3918.8153,3918.8153,3881.169,3906.2081,3921.2421,-15.034,-0.003834,75368778.0,102883344.8
578,399300.SZ,2018-05-23,3898.2683,3898.2683,3854.5825,3854.5825,3906.2081,-51.6256,-0.013216,83722319.0,110684503.2
579,399300.SZ,2018-05-24,3853.2916,3859.1034,3823.9235,3827.217,3854.5825,-27.3655,-0.007098999999999999,68345022.0,93408219.6
580,399300.SZ,2018-05-25,3823.7448,3841.1244,3804.1349,3816.498,3827.217,-10.719,-0.002801,70836386.0,95667543.8
581,399300.SZ,2018-05-28,3816.2649,3846.5525,3799.3207,3833.2599,3816.498,16.7619,0.004392,71521132.0,100001639.0
582,399300.SZ,2018-05-29,3824.1909,3841.7794,3800.6749,3804.0093,3833.2599,-29.2506,-0.007631,81552662.0,117288580.5
583,399300.SZ,2018-05-30,3755.1764,3767.8872,3722.0719,3723.3724,3804.0093,-80.6369,-0.021198,87913285.0,115858975.8
584,399300.SZ,2018-05-31,3749.2954,3804.7919,3742.5287,3802.3759,3723.3724,79.0035,0.021218,92666894.0,130545422.1
585,399300.SZ,2018-06-01,3789.6716,3802.5366,3753.8395,3770.5891,3802.3759,-31.7868,-0.00836,77821813.0,105934865.8
586,399300.SZ,2018-06-04,3785.1869,3813.4065,3776.6185,3807.5781,3770.5891,36.989,0.00981,76624341.0,115146468.4
587,399300.SZ,2018-06-05,3811.2852,3845.5648,3800.9256,3845.3164,3807.5781,37.7383,0.009911,78687360.0,121261467.2
588,399300.SZ,2018-06-06,3839.683,3848.3295,3830.8956,3837.3511,3845.3164,-7.9653,-0.002071,73117237.0,107142041.7
589,399300.SZ,2018-06-07,3846.9367,3859.8476,3827.6874,3831.0128,3837.3511,-6.3383,-0.001652,80256147.0,112365710.7
590,399300.SZ,2018-06-08,3819.4477,3819.4607,3759.2717,3779.6159,3831.0128,-51.3969,-0.013415999999999999,83337335.0,107818798.3
591,399300.SZ,2018-06-11,3770.208,3792.548,3756.5148,3779.9818,3779.6159,0.3659,9.7e-05,68709834.0,105597924.6
592,399300.SZ,2018-06-12,3783.1858,3830.471,3765.2644,3825.9534,3779.9818,45.9716,0.012162,73206244.0,116217139.6
593,399300.SZ,2018-06-13,3814.6174,3817.4528,3782.0728,3788.3391,3825.9534,-37.6143,-0.009831,66377970.0,97185498.9
594,399300.SZ,2018-06-14,3774.6396,3808.1616,3759.2484,3773.3655,3788.3391,-14.9736,-0.003953,68471322.0,99234014.9
595,399300.SZ,2018-06-15,3763.0405,3780.3368,3737.4282,3753.4338,3773.3655,-19.9317,-0.005282,85488893.0,109534900.8
596,399300.SZ,2018-06-19,3702.6681,3712.8162,3583.0208,3621.1166,3753.4338,-132.3172,-0.035252,160706542.0,193848797.2
597,399300.SZ,2018-06-20,3602.5512,3649.3359,3578.1743,3635.4436,3621.1166,14.327,0.003957,86718098.0,112804812.7
598,399300.SZ,2018-06-21,3633.5558,3673.5625,3589.4899,3592.965,3635.4436,-42.4786,-0.011685000000000001,93908552.0,115584149.0
599,399300.SZ,2018-06-22,3567.8939,3609.0751,3542.4564,3608.9046,3592.965,15.9396,0.004436,75117864.0,89687282.0
600,399300.SZ,2018-06-25,3625.7984,3631.0253,3559.0343,3560.4777,3608.9046,-48.4269,-0.013419,79877078.0,106690345.3
601,399300.SZ,2018-06-26,3521.5876,3541.782,3478.2134,3531.1112,3560.4777,-29.3665,-0.008248,84985269.0,108132167.3
602,399300.SZ,2018-06-27,3525.1323,3537.6569,3441.785,3459.2621,3531.1112,-71.8491,-0.020347,81491817.0,107628896.5
603,399300.SZ,2018-06-28,3434.9441,3477.0565,3416.9476,3423.5255,3459.2621,-35.7366,-0.010331,75918051.0,98570527.3
604,399300.SZ,2018-06-29,3431.9619,3512.3834,3425.2159,3510.9845,3423.5255,87.459,0.025546000000000003,77257031.0,97616367.2
605,399300.SZ,2018-07-02,3504.4571,3506.8996,3383.5006,3407.9638,3510.9845,-103.0207,-0.029342,84351449.0,107601540.6
606,399300.SZ,2018-07-03,3410.4767,3422.0398,3319.2889,3409.2801,3407.9638,1.3163,0.000386,95278693.0,129898019.3
607,399300.SZ,2018-07-04,3398.7788,3418.3311,3359.0861,3363.7473,3409.2801,-45.5328,-0.013356,75157997.0,93648559.0
608,399300.SZ,2018-07-05,3365.5547,3398.4852,3330.7113,3342.4379,3363.7473,-21.3094,-0.0063349999999999995,81587981.0,97544619.5
609,399300.SZ,2018-07-06,3347.0624,3396.2458,3295.7296,3365.1227,3342.4379,22.6848,0.006787,86097579.0,109481942.5
610,399300.SZ,2018-07-09,3378.9056,3459.3153,3378.9056,3459.1837,3365.1227,94.061,0.027951999999999998,76601545.0,100918863.6
611,399300.SZ,2018-07-10,3464.9064,3474.1396,3437.2706,3467.5155,3459.1837,8.3318,0.002409,69548823.0,90127445.7
612,399300.SZ,2018-07-11,3398.9265,3427.5705,3375.1441,3407.5297,3467.5155,-59.9858,-0.017299,72040950.0,89661507.1
613,399300.SZ,2018-07-12,3403.3302,3499.097,3403.3302,3481.0559,3407.5297,73.5262,0.021578,96353564.0,117805514.7
614,399300.SZ,2018-07-13,3488.4966,3499.7643,3474.9123,3492.6897,3481.0559,11.6338,0.003342,72955897.0,99800184.9
615,399300.SZ,2018-07-16,3488.967,3506.2355,3459.7312,3472.0859,3492.6897,-20.6038,-0.005899,68281999.0,90754288.0
616,399300.SZ,2018-07-17,3466.4236,3467.1852,3420.9714,3449.3773,3472.0859,-22.7086,-0.006540000000000001,61983076.0,85720563.6
617,399300.SZ,2018-07-18,3456.6065,3479.2635,3430.1563,3431.3227,3449.3773,-18.0546,-0.005234,66530330.0,88556873.1
618,399300.SZ,2018-07-19,3444.8032,3466.5056,3417.9627,3428.343,3431.3227,-2.9797,-0.0008680000000000001,68477716.0,88804907.8
619,399300.SZ,2018-07-20,3426.4558,3505.928,3398.9532,3492.8938,3428.343,64.5508,0.018829,101984727.0,122196953.8
620,399300.SZ,2018-07-23,3471.8555,3527.5335,3464.6475,3525.7503,3492.8938,32.8565,0.009407,119036627.0,143960930.6
621,399300.SZ,2018-07-24,3530.6641,3596.5128,3530.6641,3581.7057,3525.7503,55.9554,0.01587,156912435.0,177448954.0
622,399300.SZ,2018-07-25,3589.5055,3589.9841,3566.314,3577.7522,3581.7057,-3.9535,-0.001104,96758501.0,112176694.1
623,399300.SZ,2018-07-26,3583.3173,3593.9227,3528.6442,3536.2456,3577.7522,-41.5066,-0.011600999999999998,90349641.0,105577285.1
624,399300.SZ,2018-07-27,3533.7714,3545.4058,3512.7034,3521.2269,3536.2456,-15.0187,-0.004247,70178104.0,81192174.9
625,399300.SZ,2018-07-30,3520.8538,3550.902,3489.5494,3515.0794,3521.2269,-6.1475,-0.0017460000000000002,82116995.0,96183097.6
626,399300.SZ,2018-07-31,3510.4744,3528.154,3493.1545,3517.6568,3515.0794,2.5774,0.000733,67980817.0,80022152.1
627,399300.SZ,2018-08-01,3530.0298,3543.606,3446.7765,3447.3882,3517.6568,-70.2686,-0.019976,90348617.0,107477214.8
628,399300.SZ,2018-08-02,3434.3516,3434.3516,3322.096,3370.9579,3447.3882,-76.4303,-0.022170000000000002,101308727.0,122401283.6
629,399300.SZ,2018-08-03,3366.6637,3381.3417,3315.2008,3315.2839,3370.9579,-55.674,-0.016516,70796910.0,91395987.1
630,399300.SZ,2018-08-06,3312.8153,3344.246,3257.6856,3273.2728,3315.2839,-42.0111,-0.012672000000000001,77975083.0,97517991.0
631,399300.SZ,2018-08-07,3284.9785,3368.962,3263.4986,3368.8695,3273.2728,95.5967,0.029205000000000002,91783916.0,107512223.9
632,399300.SZ,2018-08-08,3362.1485,3368.1602,3311.7694,3314.5075,3368.8695,-54.362,-0.016137,79284865.0,90958912.0
633,399300.SZ,2018-08-09,3303.4765,3408.3911,3299.6157,3397.5298,3314.5075,83.0223,0.025048,91957572.0,108802315.1
634,399300.SZ,2018-08-10,3398.4139,3424.0411,3380.5731,3405.0191,3397.5298,7.4893,0.0022040000000000002,68967299.0,85634522.1
635,399300.SZ,2018-08-13,3369.9812,3396.1883,3336.6956,3390.3441,3405.0191,-14.675,-0.00431,76191532.0,90869290.8
636,399300.SZ,2018-08-14,3386.4832,3391.729,3356.6142,3372.9137,3390.3441,-17.4304,-0.005141,60651446.0,72121992.6
637,399300.SZ,2018-08-15,3371.959,3372.1369,3288.7088,3291.976,3372.9137,-80.9377,-0.023996,68174055.0,83402193.9
638,399300.SZ,2018-08-16,3251.8556,3315.2031,3231.5561,3276.7276,3291.976,-15.2484,-0.004632,76547366.0,89269175.6
639,399300.SZ,2018-08-17,3305.8954,3311.5729,3224.0999,3229.6198,3276.7276,-47.1078,-0.014376,67395413.0,84452452.5
640,399300.SZ,2018-08-20,3238.215,3267.2498,3209.0115,3267.2498,3229.6198,37.63,0.011652000000000001,70904228.0,88963382.6
641,399300.SZ,2018-08-21,3271.8402,3331.7077,3270.0302,3326.6489,3267.2498,59.3991,0.01818,75205583.0,97925840.4
642,399300.SZ,2018-08-22,3328.9693,3328.9693,3299.3938,3307.9545,3326.6489,-18.6944,-0.005620000000000001,50787057.0,66548536.1
643,399300.SZ,2018-08-23,3308.4589,3336.1123,3285.8141,3320.0257,3307.9545,12.0712,0.003649,61112334.0,80212785.5
644,399300.SZ,2018-08-24,3308.4778,3353.0445,3291.8654,3325.3347,3320.0257,5.309,0.001599,63765897.0,77197847.8
645,399300.SZ,2018-08-27,3339.3894,3406.5735,3339.2646,3406.5735,3325.3347,81.2388,0.02443,94270082.0,114960964.5
646,399300.SZ,2018-08-28,3408.1502,3416.5929,3388.8143,3400.1705,3406.5735,-6.403,-0.00188,75445363.0,94945949.8
647,399300.SZ,2018-08-29,3393.0527,3398.7139,3377.1231,3386.5736,3400.1705,-13.5969,-0.003999,67020404.0,79072300.2
648,399300.SZ,2018-08-30,3385.8052,3402.5626,3349.4688,3351.0942,3386.5736,-35.4794,-0.010476000000000001,68385290.0,80226052.6
649,399300.SZ,2018-08-31,3333.3801,3356.5757,3310.8726,3334.5036,3351.0942,-16.5906,-0.004951,76205630.0,96091892.8
650,399300.SZ,2018-09-03,3320.6898,3325.607,3291.7842,3321.8248,3334.5036,-12.6788,-0.003802,66429855.0,81305681.4
651,399300.SZ,2018-09-04,3324.186,3370.963,3307.9585,3363.8984,3321.8248,42.0736,0.012666,67088807.0,85892034.8
652,399300.SZ,2018-09-05,3349.6983,3354.1991,3298.1412,3298.1412,3363.8984,-65.7572,-0.019548,64301888.0,80656675.2
653,399300.SZ,2018-09-06,3286.6645,3311.4973,3253.7552,3262.8808,3298.1412,-35.2604,-0.010690999999999999,62300288.0,79373138.2
654,399300.SZ,2018-09-07,3273.8906,3316.6149,3253.725,3277.6438,3262.8808,14.763,0.004525,63947408.0,81263439.9
655,399300.SZ,2018-09-10,3271.3818,3277.884,3227.8481,3230.0681,3277.6438,-47.5757,-0.014515,63817051.0,76175580.3
656,399300.SZ,2018-09-11,3229.7052,3245.617,3209.1121,3224.2116,3230.0681,-5.8565,-0.001813,58491305.0,67722118.9
657,399300.SZ,2018-09-12,3216.9911,3225.6014,3194.9785,3202.0248,3224.2116,-22.1868,-0.006881000000000001,54627899.0,68887020.0
658,399300.SZ,2018-09-13,3239.6852,3249.593,3191.3975,3236.5662,3202.0248,34.5414,0.010787,67290327.0,85887962.1
659,399300.SZ,2018-09-14,3242.8307,3254.1043,3227.9439,3242.0902,3236.5662,5.524,0.001707,60130640.0,76481211.9
660,399300.SZ,2018-09-17,3224.9267,3230.7878,3200.5096,3204.9224,3242.0902,-37.1678,-0.011464,52259547.0,60650940.9
661,399300.SZ,2018-09-18,3193.6423,3270.107,3193.6423,3269.4319,3204.9224,64.5095,0.020128,70425035.0,83899137.5
662,399300.SZ,2018-09-19,3261.997,3335.9913,3258.3097,3312.4823,3269.4319,43.0504,0.013168,89170666.0,109395423.8
663,399300.SZ,2018-09-20,3314.8758,3332.3093,3303.073,3310.1258,3312.4823,-2.3565,-0.0007109999999999999,64561057.0,76660845.1
664,399300.SZ,2018-09-21,3320.6958,3410.4856,3307.767,3410.4856,3310.1258,100.3598,0.030319,108416005.0,123573117.8
665,399300.SZ,2018-09-25,3375.9717,3394.3771,3367.0253,3379.8043,3410.4856,-30.6813,-0.008995999999999999,69054693.0,82870029.9
666,399300.SZ,2018-09-26,3388.5576,3448.2595,3383.2352,3417.2413,3379.8043,37.437,0.011076999999999998,93173343.0,119113319.0
667,399300.SZ,2018-09-27,3415.9532,3423.71,3394.732,3403.5902,3417.2413,-13.6511,-0.003995,69765241.0,87573300.8
668,399300.SZ,2018-09-28,3409.9598,3444.9884,3404.6973,3438.8649,3403.5902,35.2747,0.010364,84377756.0,94880274.5
669,399300.SZ,2018-10-08,3361.5594,3364.4641,3285.253,3290.8988,3438.8649,-147.9661,-0.043028000000000004,97888989.0,114164218.3
670,399300.SZ,2018-10-09,3290.1705,3309.7978,3276.1322,3288.6906,3290.8988,-2.2082,-0.000671,66723274.0,78372941.3
671,399300.SZ,2018-10-10,3295.4288,3315.731,3256.5815,3281.5978,3288.6906,-7.0928,-0.002157,64492828.0,79166808.5
672,399300.SZ,2018-10-11,3179.5408,3209.5202,3099.0402,3124.1139,3281.5978,-157.4839,-0.047990000000000005,120941342.0,125723084.4
673,399300.SZ,2018-10-12,3123.3715,3184.122,3094.9657,3170.7262,3124.1139,46.6123,0.01492,98611151.0,104423076.6
674,399300.SZ,2018-10-15,3173.8467,3183.1297,3120.2306,3126.4516,3170.7262,-44.2746,-0.013964,69605023.0,77137696.8
675,399300.SZ,2018-10-16,3128.5764,3166.0918,3089.3668,3100.9738,3126.4516,-25.4778,-0.008149,68887721.0,75206470.9
676,399300.SZ,2018-10-17,3140.6838,3149.1344,3062.554,3118.2463,3100.9738,17.2725,0.00557,76837138.0,86132695.9
677,399300.SZ,2018-10-18,3097.7903,3097.7903,3043.3817,3044.3918,3118.2463,-73.8545,-0.023685,73771968.0,79703731.9
678,399300.SZ,2018-10-19,3017.7488,3137.7475,3009.4983,3134.9455,3044.3918,90.5537,0.029744000000000003,98839688.0,110951369.1
679,399300.SZ,2018-10-22,3159.5614,3297.3803,3159.5614,3270.2732,3134.9455,135.3277,0.043167,145862045.0,170651306.1
680,399300.SZ,2018-10-23,3273.1271,3276.0205,3163.5704,3183.4257,3270.2732,-86.8475,-0.026557,121013241.0,142589176.8
681,399300.SZ,2018-10-24,3169.4571,3245.3971,3164.293,3188.2018,3183.4257,4.7761,0.0015,110909744.0,120954387.2
682,399300.SZ,2018-10-25,3107.8402,3197.3212,3099.8887,3194.3084,3188.2018,6.1066,0.001915,106951817.0,113291746.4
683,399300.SZ,2018-10-26,3204.2845,3218.1021,3151.9244,3173.635,3194.3084,-20.6734,-0.006472,101299354.0,106070366.7
684,399300.SZ,2018-10-29,3157.4879,3158.8114,3062.5803,3076.8889,3173.635,-96.7461,-0.030484,91839789.0,108479490.2
685,399300.SZ,2018-10-30,3061.93,3146.6276,3050.7709,3110.2605,3076.8889,33.3716,0.010846,116070101.0,131767102.7
686,399300.SZ,2018-10-31,3116.6582,3168.9187,3106.0279,3153.8234,3110.2605,43.5629,0.014006000000000001,111207455.0,117099697.8
687,399300.SZ,2018-11-01,3185.202,3217.8034,3173.0992,3177.0338,3153.8234,23.2104,0.007359,132653379.0,145919304.2
688,399300.SZ,2018-11-02,3258.6093,3290.2455,3222.4354,3290.2455,3177.0338,113.2117,0.035634,153466104.0,178340643.4
689,399300.SZ,2018-11-05,3269.4695,3279.8781,3230.3632,3262.8351,3290.2455,-27.4104,-0.008331,109706683.0,123630922.6
690,399300.SZ,2018-11-06,3254.9778,3254.9778,3213.895,3243.1504,3262.8351,-19.6847,-0.006032999999999999,83869138.0,91703898.0
691,399300.SZ,2018-11-07,3243.8775,3270.5003,3218.4219,3221.9101,3243.1504,-21.2403,-0.006549,91615528.0,101814918.9
692,399300.SZ,2018-11-08,3251.7281,3253.5735,3207.7084,3212.7737,3221.9101,-9.1364,-0.002836,76414540.0,85221664.7
693,399300.SZ,2018-11-09,3193.3039,3193.3039,3166.3106,3167.4442,3212.7737,-45.3295,-0.014109,84282762.0,88194192.2
694,399300.SZ,2018-11-12,3160.2465,3206.5127,3152.4399,3205.1407,3167.4442,37.6965,0.011901,88062391.0,97363052.0
695,399300.SZ,2018-11-13,3164.9222,3254.7684,3161.0979,3237.3823,3205.1407,32.2416,0.010059,126493464.0,125603047.2
696,399300.SZ,2018-11-14,3233.6409,3239.2448,3200.2285,3204.9427,3237.3823,-32.4396,-0.01002,113808659.0,105386565.9
697,399300.SZ,2018-11-15,3201.2814,3242.3836,3198.7814,3242.3715,3204.9427,37.4288,0.011678,98558810.0,100119192.3
698,399300.SZ,2018-11-16,3242.879,3282.39,3223.7215,3257.6735,3242.3715,15.302,0.004719,126876835.0,135379803.9
699,399300.SZ,2018-11-19,3258.7919,3294.6031,3251.0665,3294.6031,3257.6735,36.9296,0.011335999999999999,115956595.0,123188777.5
700,399300.SZ,2018-11-20,3268.0768,3278.7845,3213.6833,3218.4076,3294.6031,-76.1955,-0.023126999999999998,109361154.0,114155066.8
701,399300.SZ,2018-11-21,3187.1025,3230.2578,3185.2393,3226.4918,3218.4076,8.0842,0.002512,84119726.0,87813273.9
702,399300.SZ,2018-11-22,3232.9731,3235.4524,3199.6981,3214.4273,3226.4918,-12.0645,-0.003739,65098291.0,70083372.6
703,399300.SZ,2018-11-23,3208.593,3212.1952,3139.3857,3143.4752,3214.4273,-70.9521,-0.022073,84638255.0,86864946.1
704,399300.SZ,2018-11-26,3148.6721,3169.4418,3131.636,3141.2434,3143.4752,-2.2318,-0.0007099999999999999,59379140.0,61899479.5
705,399300.SZ,2018-11-27,3152.7743,3162.0121,3126.289,3137.2413,3141.2434,-4.0021,-0.0012740000000000002,55407832.0,61946261.1
706,399300.SZ,2018-11-28,3137.7477,3179.4108,3126.6179,3178.9326,3137.2413,41.6913,0.013289,74881955.0,77620553.1
707,399300.SZ,2018-11-29,3198.8259,3204.8565,3137.6542,3137.6542,3178.9326,-41.2784,-0.012985,80498466.0,86927611.8
708,399300.SZ,2018-11-30,3136.1962,3175.154,3132.423,3172.69,3137.6542,35.0358,0.011166,70921044.0,77297697.6
709,399300.SZ,2018-12-03,3260.6862,3273.6397,3228.3611,3260.9502,3172.69,88.2602,0.027818999999999997,121487157.0,145828416.4
710,399300.SZ,2018-12-04,3256.2282,3267.94,3243.6951,3267.7095,3260.9502,6.7593,0.002073,79415039.0,90543600.2
711,399300.SZ,2018-12-05,3224.2556,3266.9039,3219.9785,3252.0041,3267.7095,-15.7054,-0.004806,76153052.0,90909093.8
712,399300.SZ,2018-12-06,3218.113,3223.5219,3179.8948,3181.673,3252.0041,-70.3311,-0.021627,76328771.0,95678883.4
713,399300.SZ,2018-12-07,3187.4919,3193.8191,3176.7061,3181.5646,3181.673,-0.1084,-3.4e-05,53361924.0,66323970.6
714,399300.SZ,2018-12-10,3153.5228,3170.1523,3134.3845,3144.7631,3181.5646,-36.8015,-0.011567000000000001,63437273.0,73717204.7
715,399300.SZ,2018-12-11,3148.2256,3161.9557,3143.6072,3159.8158,3144.7631,15.0527,0.0047870000000000005,53223877.0,60014969.7
716,399300.SZ,2018-12-12,3181.566,3182.2107,3160.2784,3170.6092,3159.8158,10.7934,0.003416,53309914.0,60536223.4
717,399300.SZ,2018-12-13,3178.891,3234.0817,3169.4234,3219.6924,3170.6092,49.0832,0.015481,90442755.0,103375478.6
718,399300.SZ,2018-12-14,3207.3481,3210.7221,3165.9109,3165.9109,3219.6924,-53.7815,-0.016704,84301250.0,91576900.5
719,399300.SZ,2018-12-17,3158.2844,3167.5125,3134.3653,3161.1966,3165.9109,-4.7143,-0.001489,66497007.0,77151490.8
720,399300.SZ,2018-12-18,3139.9493,3165.0018,3114.4684,3128.4265,3161.1966,-32.7701,-0.010366,63820319.0,72035451.4
721,399300.SZ,2018-12-19,3133.7416,3137.0099,3086.7579,3091.1255,3128.4265,-37.301,-0.011923,55522299.0,67872922.4
722,399300.SZ,2018-12-20,3083.5441,3097.7202,3044.2929,3067.4169,3091.1255,-23.7086,-0.00767,69749463.0,78181426.5
723,399300.SZ,2018-12-21,3055.3258,3057.4007,3007.6096,3029.3951,3067.4169,-38.0218,-0.012395,76758101.0,84824064.7
724,399300.SZ,2018-12-24,3015.4974,3040.3524,3007.3292,3038.1981,3029.3951,8.803,0.002906,57299615.0,63880740.6
725,399300.SZ,2018-12-25,3006.8787,3030.1418,2964.875,3017.2815,3038.1981,-20.9166,-0.006885,78689425.0,80413567.3
726,399300.SZ,2018-12-26,3012.869,3029.0608,2996.4829,3002.0327,3017.2815,-15.2488,-0.0050539999999999995,55647032.0,58574968.9
727,399300.SZ,2018-12-27,3042.9491,3047.2348,2990.5057,2990.5057,3002.0327,-11.527,-0.00384,80541785.0,81159269.9
728,399300.SZ,2018-12-28,2994.795,3024.3525,2984.8177,3010.6536,2990.5057,20.1479,0.006737,71053779.0,78145310.0
729,399300.SZ,2019-01-03,2963.0186,3000.4413,2953.2548,2964.8421,2969.5353,-4.6932,-0.00158,70867103.0,76664797.3
730,399300.SZ,2019-01-04,2940.1916,3036.8147,2935.8295,3035.8741,2964.8421,71.032,0.023958,103318972.0,107141037.0
731,399300.SZ,2019-01-07,3055.1535,3061.749,3035.9123,3054.303,3035.8741,18.4289,0.00607,101164359.0,105703940.7
732,399300.SZ,2019-01-08,3049.8747,3055.51,3038.5339,3047.7035,3054.303,-6.5995,-0.0021609999999999997,86170585.0,79628882.6
733,399300.SZ,2019-01-09,3065.2307,3117.9614,3062.8474,3078.4759,3047.7035,30.7724,0.010097,107364350.0,117129678.9
734,399300.SZ,2019-01-10,3077.4817,3092.5411,3062.5721,3072.6864,3078.4759,-5.7895,-0.0018809999999999999,85271756.0,90206871.7
735,399300.SZ,2019-01-11,3082.2615,3102.8333,3071.0264,3094.7782,3072.6864,22.0918,0.007189999999999999,71786424.0,77420239.5
736,399300.SZ,2019-01-14,3092.4984,3097.4064,3064.3827,3067.7845,3094.7782,-26.9937,-0.008722,66121702.0,68115969.0
737,399300.SZ,2019-01-15,3071.5185,3129.3708,3064.6705,3127.9904,3067.7845,60.2059,0.019625,88772962.0,99976891.1
738,399300.SZ,2019-01-16,3126.1347,3135.0117,3117.2926,3128.6517,3127.9904,0.6613,0.000211,80214341.0,85781591.7
739,399300.SZ,2019-01-17,3132.6285,3141.7099,3110.0608,3111.4168,3128.6517,-17.2349,-0.005508999999999999,80174871.0,82888206.9
740,399300.SZ,2019-01-18,3124.5025,3171.6864,3120.3458,3168.1739,3111.4168,56.7571,0.018242,103963834.0,106780658.4
741,399300.SZ,2019-01-21,3170.8773,3199.2134,3170.8773,3185.6364,3168.1739,17.4625,0.005512,93915022.0,105536986.5
742,399300.SZ,2019-01-22,3181.9494,3181.9494,3135.3378,3143.3171,3185.6364,-42.3193,-0.013284,72990528.0,78150876.3
743,399300.SZ,2019-01-23,3136.096,3157.6269,3131.8673,3141.0532,3143.3171,-2.2639,-0.0007199999999999999,59870478.0,62669652.0
744,399300.SZ,2019-01-24,3146.6046,3165.6296,3125.3008,3158.7817,3141.0532,17.7285,0.005644,72934636.0,80963877.2
745,399300.SZ,2019-01-25,3165.1814,3203.1747,3164.4082,3184.4696,3158.7817,25.6879,0.008132,83967729.0,93207954.7
746,399300.SZ,2019-01-28,3203.1189,3228.8678,3174.7243,3183.7777,3184.4696,-0.6919,-0.00021700000000000002,82622431.0,97371496.1
747,399300.SZ,2019-01-29,3177.261,3200.9898,3148.2345,3193.9698,3183.7777,10.1921,0.003201,77658334.0,85943908.5
748,399300.SZ,2019-01-30,3181.6551,3202.896,3167.8934,3168.4829,3193.9698,-25.4869,-0.007980000000000001,63746517.0,73005123.4
749,399300.SZ,2019-01-31,3182.6987,3216.0673,3178.0105,3201.6331,3168.4829,33.1502,0.010462,86247839.0,97509924.7
750,399300.SZ,2019-02-01,3225.7335,3247.4956,3207.7168,3247.3971,3201.6331,45.764,0.014294,82019641.0,94766412.7
751,399300.SZ,2019-02-11,3239.8079,3307.0638,3239.8079,3306.4725,3247.3971,59.0754,0.018192,98818434.0,114752354.8
752,399300.SZ,2019-02-12,3306.3523,3335.3606,3298.6337,3330.3353,3306.4725,23.8628,0.007217,122232462.0,122834101.0
753,399300.SZ,2019-02-13,3337.7794,3405.5773,3329.1436,3397.0276,3330.3353,66.6923,0.020026000000000002,163828332.0,168866262.0
754,399300.SZ,2019-02-14,3392.8547,3415.3994,3381.9821,3402.1403,3397.0276,5.1127,0.001505,151127290.0,138649287.9
755,399300.SZ,2019-02-15,3391.242,3395.0294,3335.8705,3338.7047,3402.1403,-63.4356,-0.018646,143668603.0,141555060.9
756,399300.SZ,2019-02-18,3366.423,3445.7448,3366.423,3445.7448,3338.7047,107.0401,0.03206,182886089.0,180449742.5
757,399300.SZ,2019-02-19,3454.7216,3480.7938,3419.0731,3439.6078,3445.7448,-6.137,-0.001781,179083785.0,185762746.5
758,399300.SZ,2019-02-20,3449.9321,3463.7735,3421.505,3451.9273,3439.6078,12.3195,0.003582,147390311.0,145570263.0
759,399300.SZ,2019-02-21,3450.1411,3500.2519,3431.631,3442.7056,3451.9273,-9.2217,-0.002671,180143287.0,185197154.7
760,399300.SZ,2019-02-22,3439.3781,3520.1182,3417.9784,3520.1182,3442.7056,77.4126,0.022486000000000003,187237974.0,202869288.7
761,399300.SZ,2019-02-25,3575.8528,3729.4831,3574.6885,3729.4831,3520.1182,209.3649,0.059477,342557122.0,376382393.4
762,399300.SZ,2019-02-26,3734.7059,3762.1128,3679.2705,3684.6935,3729.4831,-44.7896,-0.01201,358038698.0,387632860.0
763,399300.SZ,2019-02-27,3682.8116,3737.6317,3638.3334,3678.3921,3684.6935,-6.3014,-0.0017100000000000001,286236007.0,307306148.1
764,399300.SZ,2019-02-28,3675.2642,3695.4646,3650.0537,3669.3703,3678.3921,-9.0218,-0.002453,184810220.0,206010958.1
765,399300.SZ,2019-03-01,3699.2157,3749.7143,3668.7653,3749.7143,3669.3703,80.344,0.021896,204711004.0,235620623.4
766,399300.SZ,2019-03-04,3783.0367,3886.5797,3764.7764,3794.104,3749.7143,44.3897,0.011838,323490126.0,376397284.7
767,399300.SZ,2019-03-05,3785.3762,3816.1621,3770.7858,3816.0132,3794.104,21.9092,0.005775,230853166.0,261464122.2
768,399300.SZ,2019-03-06,3822.8588,3855.1556,3787.5225,3848.0903,3816.0132,32.0771,0.008406,318077371.0,331155616.5
769,399300.SZ,2019-03-07,3841.1456,3845.182,3778.8004,3808.8497,3848.0903,-39.2406,-0.010197000000000001,329846548.0,359339152.9
770,399300.SZ,2019-03-08,3721.4016,3774.5431,3656.1917,3657.579,3808.8497,-151.2707,-0.039716,317990077.0,349296691.2
771,399300.SZ,2019-03-11,3663.9772,3731.9091,3650.8125,3729.9546,3657.579,72.3756,0.019788,230912865.0,268718458.8
772,399300.SZ,2019-03-12,3758.3151,3804.72,3723.6785,3755.3519,3729.9546,25.3973,0.006808999999999999,274926382.0,325180619.7
773,399300.SZ,2019-03-13,3758.713,3763.0926,3708.8145,3724.1941,3755.3519,-31.1578,-0.008297,233682248.0,286171048.1
774,399300.SZ,2019-03-14,3710.2934,3747.819,3673.8509,3698.4858,3724.1941,-25.7083,-0.006903,190817237.0,231820149.3
775,399300.SZ,2019-03-15,3713.936,3782.2364,3713.936,3745.005,3698.4858,46.5192,0.012578,175174544.0,224194362.9
776,399300.SZ,2019-03-18,3753.6436,3851.7479,3733.6781,3851.7479,3745.005,106.7429,0.028502999999999997,216928060.0,276473448.8
777,399300.SZ,2019-03-19,3856.5885,3868.335,3815.2187,3833.9626,3851.7479,-17.7853,-0.004617,181727110.0,224096889.6
778,399300.SZ,2019-03-20,3825.3356,3855.1465,3790.5119,3835.4397,3833.9626,1.4771,0.000385,175632090.0,215406993.6
779,399300.SZ,2019-03-21,3840.2783,3864.0696,3823.4661,3836.8913,3835.4397,1.4516,0.000378,196310310.0,231993445.6
780,399300.SZ,2019-03-22,3838.1255,3845.5808,3786.5917,3833.8013,3836.8913,-3.09,-0.000805,171356993.0,198518386.3
781,399300.SZ,2019-03-25,3776.4426,3807.1793,3741.6062,3742.8252,3833.8013,-90.9761,-0.02373,198586329.0,223396564.3
782,399300.SZ,2019-03-26,3766.5287,3770.843,3687.5472,3700.4388,3742.8252,-42.3864,-0.011325,173046579.0,196547811.1
783,399300.SZ,2019-03-27,3724.4058,3750.2642,3703.4508,3743.3878,3700.4388,42.949,0.011606,138758454.0,177507528.4
784,399300.SZ,2019-03-28,3731.0612,3755.716,3710.0814,3728.3953,3743.3878,-14.9925,-0.004005,133272129.0,172604392.9
785,399300.SZ,2019-03-29,3739.7739,3876.379,3739.7739,3872.3412,3728.3953,143.9459,0.038607999999999996,215639103.0,283022298.6
786,399300.SZ,2019-04-01,3901.1698,3982.9091,3901.1698,3973.928,3872.3412,101.5868,0.026234,271382704.0,340799403.5
787,399300.SZ,2019-04-02,3986.3443,3988.0975,3956.5059,3971.2852,3973.928,-2.6428,-0.000665,226000341.0,281892057.0
788,399300.SZ,2019-04-03,3947.8697,4026.4972,3939.7837,4022.1566,3971.2852,50.8714,0.012809999999999998,231917368.0,284826495.4
789,399300.SZ,2019-04-04,4039.7415,4072.1138,4021.7055,4062.2309,4022.1566,40.0743,0.009963,260410939.0,313539431.3
790,399300.SZ,2019-04-08,4097.1027,4122.6034,4017.4887,4057.2286,4062.2309,-5.0023,-0.001231,267505576.0,324670452.5
791,399300.SZ,2019-04-09,4063.8139,4084.243,4038.2825,4075.4301,4057.2286,18.2015,0.004486,182956808.0,243187913.1
792,399300.SZ,2019-04-10,4062.4425,4115.378,4035.4741,4085.847,4075.4301,10.4169,0.002556,194687613.0,278282025.0
793,399300.SZ,2019-04-11,4083.4618,4097.1249,3990.239,3997.5778,4085.847,-88.2692,-0.021604,169049641.0,236259156.7
794,399300.SZ,2019-04-12,3986.7822,4006.9335,3961.464,3988.6168,3997.5778,-8.961,-0.002242,135862118.0,178795939.0
795,399300.SZ,2019-04-15,4056.4919,4085.3882,3974.2264,3975.5244,3988.6168,-13.0924,-0.0032819999999999998,182645571.0,236298721.3
796,399300.SZ,2019-04-16,3958.0963,4085.7891,3943.4879,4085.7891,3975.5244,110.2647,0.027736,202041966.0,250569206.6
797,399300.SZ,2019-04-17,4080.7172,4106.6158,4057.5032,4087.2398,4085.7891,1.4507,0.00035499999999999996,180367117.0,228824429.8
798,399300.SZ,2019-04-18,4085.1148,4094.0533,4056.2356,4072.0753,4087.2398,-15.1645,-0.0037099999999999998,146562123.0,187812687.7
799,399300.SZ,2019-04-19,4076.2953,4120.6356,4046.2042,4120.6078,4072.0753,48.5325,0.011918,150794910.0,194701690.7
800,399300.SZ,2019-04-22,4125.9717,4126.0907,4015.4748,4025.6109,4120.6078,-94.9969,-0.023054,189353745.0,244380549.2
801,399300.SZ,2019-04-23,4021.6277,4061.0858,4005.2832,4019.0053,4025.6109,-6.6056,-0.0016409999999999999,155611650.0,204121505.8
802,399300.SZ,2019-04-24,4033.6292,4044.3375,3967.8058,4030.0887,4019.0053,11.0834,0.002758,145498695.0,186497961.6
803,399300.SZ,2019-04-25,4013.6027,4022.5631,3938.3251,3941.816,4030.0887,-88.2727,-0.021903000000000002,159722071.0,197530997.7
804,399300.SZ,2019-04-26,3921.8909,3943.8331,3887.2525,3889.2748,3941.816,-52.5412,-0.013329,142008068.0,186572137.1
805,399300.SZ,2019-04-29,3896.5824,3953.2288,3875.452,3900.3339,3889.2748,11.0591,0.002843,153870927.0,203946553.1
806,399300.SZ,2019-04-30,3887.1799,3923.1082,3885.147,3913.211,3900.3339,12.8771,0.003302,116233376.0,161665923.9
807,399300.SZ,2019-05-06,3775.0765,3791.6119,3647.1405,3684.6168,3913.211,-228.5942,-0.058415999999999996,197472882.0,254115400.0
808,399300.SZ,2019-05-07,3702.2656,3738.1767,3671.8341,3720.6684,3684.6168,36.0516,0.009784000000000001,132847654.0,183659159.1
809,399300.SZ,2019-05-08,3648.5489,3722.9325,3642.4981,3667.4574,3720.6684,-53.211,-0.014301,112867355.0,145058486.3
810,399300.SZ,2019-05-09,3637.346,3656.8966,3584.8227,3599.7001,3667.4574,-67.7573,-0.018475,101037394.0,141829095.7
811,399300.SZ,2019-05-10,3643.0557,3732.9238,3589.2906,3730.4513,3599.7001,130.7512,0.036323,148003847.0,195067170.7
812,399300.SZ,2019-05-13,3675.7597,3702.9012,3658.0004,3668.7255,3730.4513,-61.7258,-0.016546,103391860.0,135053926.7
813,399300.SZ,2019-05-14,3630.4388,3683.2619,3630.4388,3645.1503,3668.7255,-23.5752,-0.006425999999999999,102313460.0,135262868.9
814,399300.SZ,2019-05-15,3674.9931,3741.0406,3674.9931,3727.0923,3645.1503,81.942,0.022480000000000003,110161769.0,152534546.7
815,399300.SZ,2019-05-16,3720.039,3745.1405,3707.9032,3743.9635,3727.0923,16.8712,0.004527,116258274.0,139851940.0
816,399300.SZ,2019-05-17,3744.8751,3745.3555,3637.5826,3648.7609,3743.9635,-95.2026,-0.025428000000000003,128453245.0,154092349.6
817,399300.SZ,2019-05-20,3635.7357,3644.5,3583.8324,3617.7924,3648.7609,-30.9685,-0.008487,108963477.0,134194262.5
818,399300.SZ,2019-05-21,3619.4369,3690.0884,3610.6817,3666.7762,3617.7924,48.9838,0.013540000000000002,111022920.0,133071381.0
819,399300.SZ,2019-05-22,3663.1533,3679.2727,3634.7479,3649.3796,3666.7762,-17.3966,-0.004744,98346128.0,121775244.1
820,399300.SZ,2019-05-23,3629.5284,3631.4743,3578.1129,3583.9646,3649.3796,-65.415,-0.017925,99897781.0,125611969.4
821,399300.SZ,2019-05-24,3584.9016,3623.3904,3580.7853,3593.9139,3583.9646,9.9493,0.0027760000000000003,80934048.0,101337496.3
822,399300.SZ,2019-05-27,3592.6027,3648.0267,3556.2567,3637.1971,3593.9139,43.2832,0.012043,108830871.0,133399053.9
823,399300.SZ,2019-05-28,3633.0182,3683.2306,3627.7878,3672.2605,3637.1971,35.0634,0.00964,117886240.0,148966334.6
824,399300.SZ,2019-05-29,3642.5415,3693.2273,3637.3481,3663.909,3672.2605,-8.3515,-0.002274,93355441.0,120002034.2
825,399300.SZ,2019-05-30,3648.8495,3650.9718,3612.6248,3641.1833,3663.909,-22.7257,-0.006202999999999999,94202561.0,112864079.3
826,399300.SZ,2019-05-31,3640.9963,3668.1796,3627.5448,3629.7893,3641.1833,-11.394,-0.0031290000000000003,89222267.0,108264201.3
827,399300.SZ,2019-06-03,3640.6126,3672.8136,3613.1274,3632.0127,3629.7893,2.2234,0.000613,100723180.0,123902446.4
828,399300.SZ,2019-06-04,3632.5602,3636.128,3584.4612,3598.4666,3632.0127,-33.5461,-0.009236,87097094.0,109467236.5
829,399300.SZ,2019-06-05,3627.7947,3634.4536,3593.9515,3597.105,3598.4666,-1.3616,-0.000378,88642020.0,114634228.2
830,399300.SZ,2019-06-06,3601.0356,3601.0356,3557.0167,3564.6778,3597.105,-32.4272,-0.009015,85534403.0,104367267.7
831,399300.SZ,2019-06-10,3578.0084,3623.7301,3568.2787,3610.7435,3564.6778,46.0657,0.012923,92375061.0,117346608.9
832,399300.SZ,2019-06-11,3617.5239,3723.1419,3617.5239,3719.2759,3610.7435,108.5324,0.030057999999999998,143482806.0,180899072.3
833,399300.SZ,2019-06-12,3706.8635,3711.8793,3683.9394,3691.0957,3719.2759,-28.1802,-0.007577,119178853.0,132296097.9
834,399300.SZ,2019-06-13,3689.5834,3697.5917,3654.2742,3685.3933,3691.0957,-5.7024,-0.001545,96331718.0,110459901.9
835,399300.SZ,2019-06-14,3690.4763,3709.6521,3650.9096,3654.8799,3685.3933,-30.5134,-0.00828,101817004.0,116584260.5
836,399300.SZ,2019-06-17,3654.4433,3683.7743,3645.4982,3654.8248,3654.8799,-0.0551,-1.5e-05,72976678.0,93092581.2
837,399300.SZ,2019-06-18,3661.1299,3675.6452,3638.78,3667.6185,3654.8248,12.7937,0.0034999999999999996,70692266.0,89472839.8
